[0m05:21:10.584551 [debug] [MainThread]: Sending event: {'category': 'dbt', 'action': 'invocation', 'label': 'start', 'context': [<snowplow_tracker.self_describing_json.SelfDescribingJson object at 0x7f5c0c287f10>, <snowplow_tracker.self_describing_json.SelfDescribingJson object at 0x7f5c0a1e7160>, <snowplow_tracker.self_describing_json.SelfDescribingJson object at 0x7f5c0a1e7130>]}


============================== 05:21:10.589587 | 55b0f7ab-5e7c-42a4-b4c4-deaa49913833 ==============================
[0m05:21:10.589587 [info ] [MainThread]: Running with dbt=1.8.0
[0m05:21:10.589923 [debug] [MainThread]: running dbt with arguments {'printer_width': '80', 'indirect_selection': 'eager', 'log_cache_events': 'False', 'write_json': 'True', 'partial_parse': 'True', 'cache_selected_only': 'False', 'warn_error': 'None', 'fail_fast': 'False', 'version_check': 'True', 'log_path': '/workspace/dbt_project/logs', 'debug': 'False', 'profiles_dir': '.', 'use_colors': 'True', 'use_experimental_parser': 'False', 'no_print': 'None', 'quiet': 'False', 'log_format': 'default', 'static_parser': 'True', 'invocation_command': 'dbt run --profiles-dir . --target dev', 'warn_error_options': 'WarnErrorOptions(include=[], exclude=[])', 'target_path': 'None', 'introspect': 'True', 'send_anonymous_usage_stats': 'True'}
[0m05:21:10.680276 [error] [MainThread]: Encountered an error:
Compilation Error
  Could not render s3://lakehouse/{{ model.schema }}/{{ model.name }}: 'model' is undefined
[0m05:21:10.681377 [debug] [MainThread]: Resource report: {"command_name": "run", "command_wall_clock_time": 0.1357619, "process_user_time": 1.006188, "process_kernel_time": 0.134403, "process_mem_max_rss": "115864", "process_in_blocks": "48576", "process_out_blocks": "1648", "command_success": false}
[0m05:21:10.681738 [debug] [MainThread]: Command `dbt run` failed at 05:21:10.681657 after 0.14 seconds
[0m05:21:10.681992 [debug] [MainThread]: Sending event: {'category': 'dbt', 'action': 'invocation', 'label': 'end', 'context': [<snowplow_tracker.self_describing_json.SelfDescribingJson object at 0x7f5c0c287f10>, <snowplow_tracker.self_describing_json.SelfDescribingJson object at 0x7f5c0a1e5ed0>, <snowplow_tracker.self_describing_json.SelfDescribingJson object at 0x7f5c06f008b0>]}
[0m05:21:10.682256 [debug] [MainThread]: Flushing usage events
[0m05:23:17.730608 [debug] [MainThread]: Sending event: {'category': 'dbt', 'action': 'invocation', 'label': 'start', 'context': [<snowplow_tracker.self_describing_json.SelfDescribingJson object at 0x7f27e63c7e20>, <snowplow_tracker.self_describing_json.SelfDescribingJson object at 0x7f27e4326f50>, <snowplow_tracker.self_describing_json.SelfDescribingJson object at 0x7f27e4326ef0>]}


============================== 05:23:17.733287 | 91d0da6f-1294-4d19-a729-6f80771f3333 ==============================
[0m05:23:17.733287 [info ] [MainThread]: Running with dbt=1.8.0
[0m05:23:17.733735 [debug] [MainThread]: running dbt with arguments {'printer_width': '80', 'indirect_selection': 'eager', 'log_cache_events': 'False', 'write_json': 'True', 'partial_parse': 'True', 'cache_selected_only': 'False', 'profiles_dir': '.', 'fail_fast': 'False', 'debug': 'False', 'log_path': '/workspace/dbt_project/logs', 'warn_error': 'None', 'version_check': 'True', 'use_colors': 'True', 'use_experimental_parser': 'False', 'no_print': 'None', 'quiet': 'False', 'log_format': 'default', 'introspect': 'True', 'static_parser': 'True', 'invocation_command': 'dbt run --profiles-dir . --target dev', 'target_path': 'None', 'warn_error_options': 'WarnErrorOptions(include=[], exclude=[])', 'send_anonymous_usage_stats': 'True'}
[0m05:23:17.901334 [debug] [MainThread]: Sending event: {'category': 'dbt', 'action': 'project_id', 'label': '91d0da6f-1294-4d19-a729-6f80771f3333', 'context': [<snowplow_tracker.self_describing_json.SelfDescribingJson object at 0x7f27e103ff10>]}
[0m05:23:17.941840 [debug] [MainThread]: Sending event: {'category': 'dbt', 'action': 'adapter_info', 'label': '91d0da6f-1294-4d19-a729-6f80771f3333', 'context': [<snowplow_tracker.self_describing_json.SelfDescribingJson object at 0x7f27e44bf250>]}
[0m05:23:17.942730 [info ] [MainThread]: Registered adapter: duckdb=1.8.0
[0m05:23:18.012786 [debug] [MainThread]: checksum: 2a6c64e758918535ccc035b9d143fb4c91b01df5f630e583361ba23a87d2a511, vars: {}, profile: , target: dev, version: 1.8.0
[0m05:23:18.013329 [info ] [MainThread]: Unable to do partial parsing because saved manifest not found. Starting full parse.
[0m05:23:18.013581 [debug] [MainThread]: Sending event: {'category': 'dbt', 'action': 'partial_parser', 'label': '91d0da6f-1294-4d19-a729-6f80771f3333', 'context': [<snowplow_tracker.self_describing_json.SelfDescribingJson object at 0x7f27e10921a0>]}
[0m05:23:18.756222 [debug] [MainThread]: Sending event: {'category': 'dbt', 'action': 'load_project', 'label': '91d0da6f-1294-4d19-a729-6f80771f3333', 'context': [<snowplow_tracker.self_describing_json.SelfDescribingJson object at 0x7f27daeb4130>]}
[0m05:23:18.819983 [debug] [MainThread]: Sending event: {'category': 'dbt', 'action': 'resource_counts', 'label': '91d0da6f-1294-4d19-a729-6f80771f3333', 'context': [<snowplow_tracker.self_describing_json.SelfDescribingJson object at 0x7f27dae65750>]}
[0m05:23:18.820390 [info ] [MainThread]: Found 2 models, 421 macros
[0m05:23:18.820623 [debug] [MainThread]: Sending event: {'category': 'dbt', 'action': 'runnable_timing', 'label': '91d0da6f-1294-4d19-a729-6f80771f3333', 'context': [<snowplow_tracker.self_describing_json.SelfDescribingJson object at 0x7f27dae67fd0>]}
[0m05:23:18.821697 [info ] [MainThread]: 
[0m05:23:18.822231 [debug] [MainThread]: Acquiring new duckdb connection 'master'
[0m05:23:18.826717 [debug] [ThreadPool]: Acquiring new duckdb connection 'list_lakehouse'
[0m05:23:18.870702 [debug] [ThreadPool]: Using duckdb connection "list_lakehouse"
[0m05:23:18.871133 [debug] [ThreadPool]: On list_lakehouse: /* {"app": "dbt", "dbt_version": "1.8.0", "profile_name": "lakehouse", "target_name": "dev", "connection_name": "list_lakehouse"} */

    
    select schema_name
    from system.information_schema.schemata
    
    where catalog_name = '"lakehouse"'
    
  
  
[0m05:23:18.871355 [debug] [ThreadPool]: Opening a new connection, currently in state init
[0m05:23:18.952608 [debug] [ThreadPool]: SQL status: OK in 0.081 seconds
[0m05:23:18.954427 [debug] [ThreadPool]: On list_lakehouse: Close
[0m05:23:18.956461 [debug] [ThreadPool]: Re-using an available connection from the pool (formerly list_lakehouse, now create_lakehouse_main)
[0m05:23:18.956825 [debug] [ThreadPool]: Creating schema "database: "lakehouse"
schema: "main"
"
[0m05:23:18.961873 [debug] [ThreadPool]: Using duckdb connection "create_lakehouse_main"
[0m05:23:18.962118 [debug] [ThreadPool]: On create_lakehouse_main: /* {"app": "dbt", "dbt_version": "1.8.0", "profile_name": "lakehouse", "target_name": "dev", "connection_name": "create_lakehouse_main"} */

    
        select type from duckdb_databases()
        where database_name='lakehouse'
        and type='sqlite'
    
  
[0m05:23:18.962327 [debug] [ThreadPool]: Opening a new connection, currently in state closed
[0m05:23:19.022887 [debug] [ThreadPool]: SQL status: OK in 0.060 seconds
[0m05:23:19.024020 [debug] [ThreadPool]: Using duckdb connection "create_lakehouse_main"
[0m05:23:19.024246 [debug] [ThreadPool]: On create_lakehouse_main: BEGIN
[0m05:23:19.024557 [debug] [ThreadPool]: SQL status: OK in 0.000 seconds
[0m05:23:19.024750 [debug] [ThreadPool]: Using duckdb connection "create_lakehouse_main"
[0m05:23:19.024936 [debug] [ThreadPool]: On create_lakehouse_main: /* {"app": "dbt", "dbt_version": "1.8.0", "profile_name": "lakehouse", "target_name": "dev", "connection_name": "create_lakehouse_main"} */

    
    
        create schema if not exists "lakehouse"."main"
    
[0m05:23:19.025408 [debug] [ThreadPool]: SQL status: OK in 0.000 seconds
[0m05:23:19.026001 [debug] [ThreadPool]: On create_lakehouse_main: COMMIT
[0m05:23:19.026200 [debug] [ThreadPool]: Using duckdb connection "create_lakehouse_main"
[0m05:23:19.026395 [debug] [ThreadPool]: On create_lakehouse_main: COMMIT
[0m05:23:19.026706 [debug] [ThreadPool]: SQL status: OK in 0.000 seconds
[0m05:23:19.026919 [debug] [ThreadPool]: On create_lakehouse_main: Close
[0m05:23:19.029181 [debug] [ThreadPool]: Re-using an available connection from the pool (formerly create_lakehouse_main, now list_lakehouse_main)
[0m05:23:19.034131 [debug] [ThreadPool]: Using duckdb connection "list_lakehouse_main"
[0m05:23:19.034367 [debug] [ThreadPool]: On list_lakehouse_main: BEGIN
[0m05:23:19.034577 [debug] [ThreadPool]: Opening a new connection, currently in state closed
[0m05:23:19.100756 [debug] [ThreadPool]: SQL status: OK in 0.066 seconds
[0m05:23:19.101096 [debug] [ThreadPool]: Using duckdb connection "list_lakehouse_main"
[0m05:23:19.101335 [debug] [ThreadPool]: On list_lakehouse_main: /* {"app": "dbt", "dbt_version": "1.8.0", "profile_name": "lakehouse", "target_name": "dev", "connection_name": "list_lakehouse_main"} */
select
      'lakehouse' as database,
      table_name as name,
      table_schema as schema,
      CASE table_type
        WHEN 'BASE TABLE' THEN 'table'
        WHEN 'VIEW' THEN 'view'
        WHEN 'LOCAL TEMPORARY' THEN 'table'
        END as type
    from system.information_schema.tables
    where table_schema = 'main'
    and table_catalog = 'lakehouse'
  
[0m05:23:19.121046 [debug] [ThreadPool]: SQL status: OK in 0.019 seconds
[0m05:23:19.121999 [debug] [ThreadPool]: On list_lakehouse_main: ROLLBACK
[0m05:23:19.122630 [debug] [ThreadPool]: Failed to rollback 'list_lakehouse_main'
[0m05:23:19.122870 [debug] [ThreadPool]: On list_lakehouse_main: Close
[0m05:23:19.124848 [debug] [MainThread]: Sending event: {'category': 'dbt', 'action': 'runnable_timing', 'label': '91d0da6f-1294-4d19-a729-6f80771f3333', 'context': [<snowplow_tracker.self_describing_json.SelfDescribingJson object at 0x7f27e66af7f0>]}
[0m05:23:19.125522 [debug] [MainThread]: Using duckdb connection "master"
[0m05:23:19.125753 [debug] [MainThread]: On master: BEGIN
[0m05:23:19.125968 [debug] [MainThread]: Opening a new connection, currently in state init
[0m05:23:19.201985 [debug] [MainThread]: SQL status: OK in 0.076 seconds
[0m05:23:19.202488 [debug] [MainThread]: On master: COMMIT
[0m05:23:19.202760 [debug] [MainThread]: Using duckdb connection "master"
[0m05:23:19.202964 [debug] [MainThread]: On master: COMMIT
[0m05:23:19.203298 [debug] [MainThread]: SQL status: OK in 0.000 seconds
[0m05:23:19.203554 [debug] [MainThread]: On master: Close
[0m05:23:19.205326 [info ] [MainThread]: Concurrency: 1 threads (target='dev')
[0m05:23:19.205712 [info ] [MainThread]: 
[0m05:23:19.207351 [debug] [Thread-1 (]: Began running node model.lakehouse.sales_silver
[0m05:23:19.207791 [info ] [Thread-1 (]: 1 of 2 START sql external model main.sales_silver .............................. [RUN]
[0m05:23:19.208211 [debug] [Thread-1 (]: Acquiring new duckdb connection 'model.lakehouse.sales_silver'
[0m05:23:19.208474 [debug] [Thread-1 (]: Began compiling node model.lakehouse.sales_silver
[0m05:23:19.223286 [debug] [Thread-1 (]: Writing injected SQL for node "model.lakehouse.sales_silver"
[0m05:23:19.223927 [debug] [Thread-1 (]: Began executing node model.lakehouse.sales_silver
[0m05:23:19.258350 [debug] [Thread-1 (]: Using duckdb connection "model.lakehouse.sales_silver"
[0m05:23:19.258690 [debug] [Thread-1 (]: On model.lakehouse.sales_silver: BEGIN
[0m05:23:19.258917 [debug] [Thread-1 (]: Opening a new connection, currently in state init
[0m05:23:19.326968 [debug] [Thread-1 (]: SQL status: OK in 0.068 seconds
[0m05:23:19.327350 [debug] [Thread-1 (]: Using duckdb connection "model.lakehouse.sales_silver"
[0m05:23:19.327619 [debug] [Thread-1 (]: On model.lakehouse.sales_silver: /* {"app": "dbt", "dbt_version": "1.8.0", "profile_name": "lakehouse", "target_name": "dev", "node_id": "model.lakehouse.sales_silver"} */

  
    
    

    create  table
      "lakehouse"."main"."sales_silver__dbt_tmp"
  
    as (
      

SELECT
    id,
    customer,
    amount,
    date,
    current_timestamp() as _processed_at
FROM read_parquet('s3://lakehouse/bronze/sales_raw.parquet')
WHERE amount > 0
    );
  
  
[0m05:23:19.338584 [debug] [Thread-1 (]: DuckDB adapter: Error running SQL: /* {"app": "dbt", "dbt_version": "1.8.0", "profile_name": "lakehouse", "target_name": "dev", "node_id": "model.lakehouse.sales_silver"} */

  
    
    

    create  table
      "lakehouse"."main"."sales_silver__dbt_tmp"
  
    as (
      

SELECT
    id,
    customer,
    amount,
    date,
    current_timestamp() as _processed_at
FROM read_parquet('s3://lakehouse/bronze/sales_raw.parquet')
WHERE amount > 0
    );
  
  
[0m05:23:19.339027 [debug] [Thread-1 (]: DuckDB adapter: Rolling back transaction.
[0m05:23:19.339408 [debug] [Thread-1 (]: On model.lakehouse.sales_silver: ROLLBACK
[0m05:23:19.342338 [debug] [Thread-1 (]: Failed to rollback 'model.lakehouse.sales_silver'
[0m05:23:19.342689 [debug] [Thread-1 (]: On model.lakehouse.sales_silver: Close
[0m05:23:19.345180 [debug] [Thread-1 (]: Runtime Error in model sales_silver (models/silver/sales_silver.sql)
  Catalog Error: Scalar Function with name current_timestamp does not exist!
  Did you mean "get_current_timestamp"?
  LINE 18:     current_timestamp() as _processed_at
               ^
[0m05:23:19.346513 [debug] [Thread-1 (]: Sending event: {'category': 'dbt', 'action': 'run_model', 'label': '91d0da6f-1294-4d19-a729-6f80771f3333', 'context': [<snowplow_tracker.self_describing_json.SelfDescribingJson object at 0x7f27d8b42290>]}
[0m05:23:19.347009 [error] [Thread-1 (]: 1 of 2 ERROR creating sql external model main.sales_silver ..................... [[31mERROR[0m in 0.14s]
[0m05:23:19.347511 [debug] [Thread-1 (]: Finished running node model.lakehouse.sales_silver
[0m05:23:19.349211 [debug] [Thread-1 (]: Began running node model.lakehouse.sales_gold
[0m05:23:19.350001 [info ] [Thread-1 (]: 2 of 2 SKIP relation main.sales_gold ........................................... [[33mSKIP[0m]
[0m05:23:19.350368 [debug] [Thread-1 (]: Finished running node model.lakehouse.sales_gold
[0m05:23:19.351457 [debug] [MainThread]: Using duckdb connection "master"
[0m05:23:19.351741 [debug] [MainThread]: On master: BEGIN
[0m05:23:19.351956 [debug] [MainThread]: Opening a new connection, currently in state closed
[0m05:23:19.445534 [debug] [MainThread]: SQL status: OK in 0.093 seconds
[0m05:23:19.445937 [debug] [MainThread]: On master: COMMIT
[0m05:23:19.446186 [debug] [MainThread]: Using duckdb connection "master"
[0m05:23:19.446416 [debug] [MainThread]: On master: COMMIT
[0m05:23:19.446788 [debug] [MainThread]: SQL status: OK in 0.000 seconds
[0m05:23:19.447031 [debug] [MainThread]: On master: Close
[0m05:23:19.448938 [debug] [MainThread]: Connection 'master' was properly closed.
[0m05:23:19.449194 [debug] [MainThread]: Connection 'list_lakehouse_main' was properly closed.
[0m05:23:19.449377 [debug] [MainThread]: Connection 'model.lakehouse.sales_silver' was properly closed.
[0m05:23:19.449675 [info ] [MainThread]: 
[0m05:23:19.449931 [info ] [MainThread]: Finished running 2 external models in 0 hours 0 minutes and 0.63 seconds (0.63s).
[0m05:23:19.450504 [debug] [MainThread]: Command end result
[0m05:23:19.479404 [info ] [MainThread]: 
[0m05:23:19.479828 [info ] [MainThread]: [31mCompleted with 1 error and 0 warnings:[0m
[0m05:23:19.480133 [info ] [MainThread]: 
[0m05:23:19.480493 [error] [MainThread]:   Runtime Error in model sales_silver (models/silver/sales_silver.sql)
  Catalog Error: Scalar Function with name current_timestamp does not exist!
  Did you mean "get_current_timestamp"?
  LINE 18:     current_timestamp() as _processed_at
               ^
[0m05:23:19.480753 [info ] [MainThread]: 
[0m05:23:19.480979 [info ] [MainThread]: Done. PASS=0 WARN=0 ERROR=1 SKIP=1 TOTAL=2
[0m05:23:19.481645 [debug] [MainThread]: Resource report: {"command_name": "run", "command_wall_clock_time": 1.8013963, "process_user_time": 5.426282, "process_kernel_time": 0.3628, "process_mem_max_rss": "172108", "process_in_blocks": "125704", "process_out_blocks": "2536", "command_success": false}
[0m05:23:19.481975 [debug] [MainThread]: Command `dbt run` failed at 05:23:19.481902 after 1.80 seconds
[0m05:23:19.482253 [debug] [MainThread]: Sending event: {'category': 'dbt', 'action': 'invocation', 'label': 'end', 'context': [<snowplow_tracker.self_describing_json.SelfDescribingJson object at 0x7f27e63c7e20>, <snowplow_tracker.self_describing_json.SelfDescribingJson object at 0x7f27e44bf250>, <snowplow_tracker.self_describing_json.SelfDescribingJson object at 0x7f27e455b460>]}
[0m05:23:19.482514 [debug] [MainThread]: Flushing usage events
[0m05:25:05.989619 [debug] [MainThread]: Sending event: {'category': 'dbt', 'action': 'invocation', 'label': 'start', 'context': [<snowplow_tracker.self_describing_json.SelfDescribingJson object at 0x7f5178b27e50>, <snowplow_tracker.self_describing_json.SelfDescribingJson object at 0x7f5176a86fb0>, <snowplow_tracker.self_describing_json.SelfDescribingJson object at 0x7f5176a86f50>]}


============================== 05:25:05.991975 | 1e5eedc1-a0bb-4637-8f2d-a3f89709bb70 ==============================
[0m05:25:05.991975 [info ] [MainThread]: Running with dbt=1.8.0
[0m05:25:05.992300 [debug] [MainThread]: running dbt with arguments {'printer_width': '80', 'indirect_selection': 'eager', 'log_cache_events': 'False', 'write_json': 'True', 'partial_parse': 'True', 'cache_selected_only': 'False', 'warn_error': 'None', 'fail_fast': 'False', 'debug': 'False', 'log_path': '/workspace/dbt_project/logs', 'profiles_dir': '.', 'version_check': 'True', 'use_colors': 'True', 'use_experimental_parser': 'False', 'no_print': 'None', 'quiet': 'False', 'log_format': 'default', 'static_parser': 'True', 'introspect': 'True', 'warn_error_options': 'WarnErrorOptions(include=[], exclude=[])', 'target_path': 'None', 'invocation_command': 'dbt run --profiles-dir . --target dev', 'send_anonymous_usage_stats': 'True'}
[0m05:25:06.149289 [debug] [MainThread]: Sending event: {'category': 'dbt', 'action': 'project_id', 'label': '1e5eedc1-a0bb-4637-8f2d-a3f89709bb70', 'context': [<snowplow_tracker.self_describing_json.SelfDescribingJson object at 0x7f5176a1d090>]}
[0m05:25:06.196187 [debug] [MainThread]: Sending event: {'category': 'dbt', 'action': 'adapter_info', 'label': '1e5eedc1-a0bb-4637-8f2d-a3f89709bb70', 'context': [<snowplow_tracker.self_describing_json.SelfDescribingJson object at 0x7f51771c3250>]}
[0m05:25:06.197502 [info ] [MainThread]: Registered adapter: duckdb=1.8.0
[0m05:25:06.267243 [debug] [MainThread]: checksum: 2a6c64e758918535ccc035b9d143fb4c91b01df5f630e583361ba23a87d2a511, vars: {}, profile: , target: dev, version: 1.8.0
[0m05:25:06.353986 [debug] [MainThread]: Partial parsing enabled: 0 files deleted, 0 files added, 2 files changed.
[0m05:25:06.354443 [debug] [MainThread]: Partial parsing: updated file: lakehouse://models/silver/sales_silver.sql
[0m05:25:06.354717 [debug] [MainThread]: Partial parsing: updated file: lakehouse://models/gold/sales_gold.sql
[0m05:25:06.516748 [debug] [MainThread]: Sending event: {'category': 'dbt', 'action': 'load_project', 'label': '1e5eedc1-a0bb-4637-8f2d-a3f89709bb70', 'context': [<snowplow_tracker.self_describing_json.SelfDescribingJson object at 0x7f516d4a24a0>]}
[0m05:25:06.572496 [debug] [MainThread]: Sending event: {'category': 'dbt', 'action': 'resource_counts', 'label': '1e5eedc1-a0bb-4637-8f2d-a3f89709bb70', 'context': [<snowplow_tracker.self_describing_json.SelfDescribingJson object at 0x7f516d4769e0>]}
[0m05:25:06.572892 [info ] [MainThread]: Found 2 models, 421 macros
[0m05:25:06.573118 [debug] [MainThread]: Sending event: {'category': 'dbt', 'action': 'runnable_timing', 'label': '1e5eedc1-a0bb-4637-8f2d-a3f89709bb70', 'context': [<snowplow_tracker.self_describing_json.SelfDescribingJson object at 0x7f516d476950>]}
[0m05:25:06.574228 [info ] [MainThread]: 
[0m05:25:06.574669 [debug] [MainThread]: Acquiring new duckdb connection 'master'
[0m05:25:06.579070 [debug] [ThreadPool]: Acquiring new duckdb connection 'list_lakehouse'
[0m05:25:06.665473 [debug] [ThreadPool]: Using duckdb connection "list_lakehouse"
[0m05:25:06.665809 [debug] [ThreadPool]: On list_lakehouse: /* {"app": "dbt", "dbt_version": "1.8.0", "profile_name": "lakehouse", "target_name": "dev", "connection_name": "list_lakehouse"} */

    
    select schema_name
    from system.information_schema.schemata
    
    where catalog_name = '"lakehouse"'
    
  
  
[0m05:25:06.666016 [debug] [ThreadPool]: Opening a new connection, currently in state init
[0m05:25:06.749497 [debug] [ThreadPool]: SQL status: OK in 0.083 seconds
[0m05:25:06.750765 [debug] [ThreadPool]: On list_lakehouse: Close
[0m05:25:06.752437 [debug] [ThreadPool]: Re-using an available connection from the pool (formerly list_lakehouse, now create_lakehouse_main)
[0m05:25:06.752827 [debug] [ThreadPool]: Creating schema "database: "lakehouse"
schema: "main"
"
[0m05:25:06.758128 [debug] [ThreadPool]: Using duckdb connection "create_lakehouse_main"
[0m05:25:06.758381 [debug] [ThreadPool]: On create_lakehouse_main: /* {"app": "dbt", "dbt_version": "1.8.0", "profile_name": "lakehouse", "target_name": "dev", "connection_name": "create_lakehouse_main"} */

    
        select type from duckdb_databases()
        where database_name='lakehouse'
        and type='sqlite'
    
  
[0m05:25:06.758624 [debug] [ThreadPool]: Opening a new connection, currently in state closed
[0m05:25:06.831753 [debug] [ThreadPool]: SQL status: OK in 0.073 seconds
[0m05:25:06.832987 [debug] [ThreadPool]: Using duckdb connection "create_lakehouse_main"
[0m05:25:06.833223 [debug] [ThreadPool]: On create_lakehouse_main: BEGIN
[0m05:25:06.833558 [debug] [ThreadPool]: SQL status: OK in 0.000 seconds
[0m05:25:06.833770 [debug] [ThreadPool]: Using duckdb connection "create_lakehouse_main"
[0m05:25:06.833965 [debug] [ThreadPool]: On create_lakehouse_main: /* {"app": "dbt", "dbt_version": "1.8.0", "profile_name": "lakehouse", "target_name": "dev", "connection_name": "create_lakehouse_main"} */

    
    
        create schema if not exists "lakehouse"."main"
    
[0m05:25:06.834795 [debug] [ThreadPool]: SQL status: OK in 0.001 seconds
[0m05:25:06.835396 [debug] [ThreadPool]: On create_lakehouse_main: COMMIT
[0m05:25:06.835655 [debug] [ThreadPool]: Using duckdb connection "create_lakehouse_main"
[0m05:25:06.835843 [debug] [ThreadPool]: On create_lakehouse_main: COMMIT
[0m05:25:06.836144 [debug] [ThreadPool]: SQL status: OK in 0.000 seconds
[0m05:25:06.836364 [debug] [ThreadPool]: On create_lakehouse_main: Close
[0m05:25:06.839106 [debug] [ThreadPool]: Re-using an available connection from the pool (formerly create_lakehouse_main, now list_lakehouse_main)
[0m05:25:06.843867 [debug] [ThreadPool]: Using duckdb connection "list_lakehouse_main"
[0m05:25:06.844110 [debug] [ThreadPool]: On list_lakehouse_main: BEGIN
[0m05:25:06.844323 [debug] [ThreadPool]: Opening a new connection, currently in state closed
[0m05:25:06.908125 [debug] [ThreadPool]: SQL status: OK in 0.064 seconds
[0m05:25:06.908512 [debug] [ThreadPool]: Using duckdb connection "list_lakehouse_main"
[0m05:25:06.908733 [debug] [ThreadPool]: On list_lakehouse_main: /* {"app": "dbt", "dbt_version": "1.8.0", "profile_name": "lakehouse", "target_name": "dev", "connection_name": "list_lakehouse_main"} */
select
      'lakehouse' as database,
      table_name as name,
      table_schema as schema,
      CASE table_type
        WHEN 'BASE TABLE' THEN 'table'
        WHEN 'VIEW' THEN 'view'
        WHEN 'LOCAL TEMPORARY' THEN 'table'
        END as type
    from system.information_schema.tables
    where table_schema = 'main'
    and table_catalog = 'lakehouse'
  
[0m05:25:06.928527 [debug] [ThreadPool]: SQL status: OK in 0.020 seconds
[0m05:25:06.929503 [debug] [ThreadPool]: On list_lakehouse_main: ROLLBACK
[0m05:25:06.930158 [debug] [ThreadPool]: Failed to rollback 'list_lakehouse_main'
[0m05:25:06.930377 [debug] [ThreadPool]: On list_lakehouse_main: Close
[0m05:25:06.932296 [debug] [MainThread]: Sending event: {'category': 'dbt', 'action': 'runnable_timing', 'label': '1e5eedc1-a0bb-4637-8f2d-a3f89709bb70', 'context': [<snowplow_tracker.self_describing_json.SelfDescribingJson object at 0x7f5178e0f460>]}
[0m05:25:06.932770 [debug] [MainThread]: Using duckdb connection "master"
[0m05:25:06.932986 [debug] [MainThread]: On master: BEGIN
[0m05:25:06.933183 [debug] [MainThread]: Opening a new connection, currently in state init
[0m05:25:06.997794 [debug] [MainThread]: SQL status: OK in 0.065 seconds
[0m05:25:06.998153 [debug] [MainThread]: On master: COMMIT
[0m05:25:06.998375 [debug] [MainThread]: Using duckdb connection "master"
[0m05:25:06.998611 [debug] [MainThread]: On master: COMMIT
[0m05:25:06.998939 [debug] [MainThread]: SQL status: OK in 0.000 seconds
[0m05:25:06.999167 [debug] [MainThread]: On master: Close
[0m05:25:07.000687 [info ] [MainThread]: Concurrency: 1 threads (target='dev')
[0m05:25:07.000961 [info ] [MainThread]: 
[0m05:25:07.002767 [debug] [Thread-1 (]: Began running node model.lakehouse.sales_silver
[0m05:25:07.003470 [info ] [Thread-1 (]: 1 of 2 START sql external model main.sales_silver .............................. [RUN]
[0m05:25:07.004025 [debug] [Thread-1 (]: Acquiring new duckdb connection 'model.lakehouse.sales_silver'
[0m05:25:07.004284 [debug] [Thread-1 (]: Began compiling node model.lakehouse.sales_silver
[0m05:25:07.018949 [debug] [Thread-1 (]: Writing injected SQL for node "model.lakehouse.sales_silver"
[0m05:25:07.019436 [debug] [Thread-1 (]: Began executing node model.lakehouse.sales_silver
[0m05:25:07.053362 [debug] [Thread-1 (]: Using duckdb connection "model.lakehouse.sales_silver"
[0m05:25:07.053654 [debug] [Thread-1 (]: On model.lakehouse.sales_silver: BEGIN
[0m05:25:07.053894 [debug] [Thread-1 (]: Opening a new connection, currently in state init
[0m05:25:07.117591 [debug] [Thread-1 (]: SQL status: OK in 0.064 seconds
[0m05:25:07.117997 [debug] [Thread-1 (]: Using duckdb connection "model.lakehouse.sales_silver"
[0m05:25:07.118257 [debug] [Thread-1 (]: On model.lakehouse.sales_silver: /* {"app": "dbt", "dbt_version": "1.8.0", "profile_name": "lakehouse", "target_name": "dev", "node_id": "model.lakehouse.sales_silver"} */

  
    
    

    create  table
      "lakehouse"."main"."sales_silver__dbt_tmp"
  
    as (
      

SELECT
    id,
    customer,
    amount,
    date,
    CURRENT_TIMESTAMP as _processed_at
FROM read_parquet('s3://lakehouse/bronze/sales_raw.parquet')
WHERE amount > 0
    );
  
  
[0m05:25:07.131881 [debug] [Thread-1 (]: SQL status: OK in 0.013 seconds
[0m05:25:07.134299 [debug] [Thread-1 (]: Using duckdb connection "model.lakehouse.sales_silver"
[0m05:25:07.134666 [debug] [Thread-1 (]: On model.lakehouse.sales_silver: /* {"app": "dbt", "dbt_version": "1.8.0", "profile_name": "lakehouse", "target_name": "dev", "node_id": "model.lakehouse.sales_silver"} */
copy "lakehouse"."main"."sales_silver__dbt_tmp" to 's3://lakehouse/silver/sales_silver' (format delta)
[0m05:25:07.137594 [debug] [Thread-1 (]: DuckDB adapter: Error running SQL: /* {"app": "dbt", "dbt_version": "1.8.0", "profile_name": "lakehouse", "target_name": "dev", "node_id": "model.lakehouse.sales_silver"} */
copy "lakehouse"."main"."sales_silver__dbt_tmp" to 's3://lakehouse/silver/sales_silver' (format delta)
[0m05:25:07.137889 [debug] [Thread-1 (]: DuckDB adapter: Rolling back transaction.
[0m05:25:07.138226 [debug] [Thread-1 (]: On model.lakehouse.sales_silver: ROLLBACK
[0m05:25:07.140974 [debug] [Thread-1 (]: Failed to rollback 'model.lakehouse.sales_silver'
[0m05:25:07.141237 [debug] [Thread-1 (]: On model.lakehouse.sales_silver: Close
[0m05:25:07.143737 [debug] [Thread-1 (]: Runtime Error in model sales_silver (models/silver/sales_silver.sql)
  Catalog Error: Copy Function with name delta does not exist!
  Did you mean "csv"?
[0m05:25:07.144984 [debug] [Thread-1 (]: Sending event: {'category': 'dbt', 'action': 'run_model', 'label': '1e5eedc1-a0bb-4637-8f2d-a3f89709bb70', 'context': [<snowplow_tracker.self_describing_json.SelfDescribingJson object at 0x7f516d5754b0>]}
[0m05:25:07.145475 [error] [Thread-1 (]: 1 of 2 ERROR creating sql external model main.sales_silver ..................... [[31mERROR[0m in 0.14s]
[0m05:25:07.145963 [debug] [Thread-1 (]: Finished running node model.lakehouse.sales_silver
[0m05:25:07.147617 [debug] [Thread-1 (]: Began running node model.lakehouse.sales_gold
[0m05:25:07.147901 [info ] [Thread-1 (]: 2 of 2 SKIP relation main.sales_gold ........................................... [[33mSKIP[0m]
[0m05:25:07.148206 [debug] [Thread-1 (]: Finished running node model.lakehouse.sales_gold
[0m05:25:07.149211 [debug] [MainThread]: Using duckdb connection "master"
[0m05:25:07.149620 [debug] [MainThread]: On master: BEGIN
[0m05:25:07.149822 [debug] [MainThread]: Opening a new connection, currently in state closed
[0m05:25:07.227086 [debug] [MainThread]: SQL status: OK in 0.077 seconds
[0m05:25:07.227468 [debug] [MainThread]: On master: COMMIT
[0m05:25:07.227691 [debug] [MainThread]: Using duckdb connection "master"
[0m05:25:07.227894 [debug] [MainThread]: On master: COMMIT
[0m05:25:07.228215 [debug] [MainThread]: SQL status: OK in 0.000 seconds
[0m05:25:07.228436 [debug] [MainThread]: On master: Close
[0m05:25:07.229973 [debug] [MainThread]: Connection 'master' was properly closed.
[0m05:25:07.230217 [debug] [MainThread]: Connection 'list_lakehouse_main' was properly closed.
[0m05:25:07.230407 [debug] [MainThread]: Connection 'model.lakehouse.sales_silver' was properly closed.
[0m05:25:07.230744 [info ] [MainThread]: 
[0m05:25:07.231008 [info ] [MainThread]: Finished running 2 external models in 0 hours 0 minutes and 0.66 seconds (0.66s).
[0m05:25:07.231587 [debug] [MainThread]: Command end result
[0m05:25:07.260155 [info ] [MainThread]: 
[0m05:25:07.260513 [info ] [MainThread]: [31mCompleted with 1 error and 0 warnings:[0m
[0m05:25:07.260781 [info ] [MainThread]: 
[0m05:25:07.261135 [error] [MainThread]:   Runtime Error in model sales_silver (models/silver/sales_silver.sql)
  Catalog Error: Copy Function with name delta does not exist!
  Did you mean "csv"?
[0m05:25:07.261369 [info ] [MainThread]: 
[0m05:25:07.261655 [info ] [MainThread]: Done. PASS=0 WARN=0 ERROR=1 SKIP=1 TOTAL=2
[0m05:25:07.262437 [debug] [MainThread]: Resource report: {"command_name": "run", "command_wall_clock_time": 1.3105922, "process_user_time": 4.958543, "process_kernel_time": 0.359103, "process_mem_max_rss": "171792", "process_in_blocks": "44936", "process_out_blocks": "2496", "command_success": false}
[0m05:25:07.262764 [debug] [MainThread]: Command `dbt run` failed at 05:25:07.262691 after 1.31 seconds
[0m05:25:07.263056 [debug] [MainThread]: Sending event: {'category': 'dbt', 'action': 'invocation', 'label': 'end', 'context': [<snowplow_tracker.self_describing_json.SelfDescribingJson object at 0x7f5178b27e50>, <snowplow_tracker.self_describing_json.SelfDescribingJson object at 0x7f516d406f80>, <snowplow_tracker.self_describing_json.SelfDescribingJson object at 0x7f516d407880>]}
[0m05:25:07.263390 [debug] [MainThread]: Flushing usage events
[0m05:26:32.289242 [debug] [MainThread]: Sending event: {'category': 'dbt', 'action': 'invocation', 'label': 'start', 'context': [<snowplow_tracker.self_describing_json.SelfDescribingJson object at 0x7f0fcb6e3dc0>, <snowplow_tracker.self_describing_json.SelfDescribingJson object at 0x7f0fc9636ec0>, <snowplow_tracker.self_describing_json.SelfDescribingJson object at 0x7f0fc9636e60>]}


============================== 05:26:32.291204 | c4a07bcd-9acc-4bbf-bf06-7c8d49532341 ==============================
[0m05:26:32.291204 [info ] [MainThread]: Running with dbt=1.8.0
[0m05:26:32.291560 [debug] [MainThread]: running dbt with arguments {'printer_width': '80', 'indirect_selection': 'eager', 'log_cache_events': 'False', 'write_json': 'True', 'partial_parse': 'True', 'cache_selected_only': 'False', 'profiles_dir': '.', 'fail_fast': 'False', 'debug': 'False', 'log_path': '/workspace/dbt_project/logs', 'warn_error': 'None', 'version_check': 'True', 'use_colors': 'True', 'use_experimental_parser': 'False', 'no_print': 'None', 'quiet': 'False', 'log_format': 'default', 'static_parser': 'True', 'introspect': 'True', 'invocation_command': 'dbt run --profiles-dir . --target dev', 'target_path': 'None', 'warn_error_options': 'WarnErrorOptions(include=[], exclude=[])', 'send_anonymous_usage_stats': 'True'}
[0m05:26:32.453776 [debug] [MainThread]: Sending event: {'category': 'dbt', 'action': 'project_id', 'label': 'c4a07bcd-9acc-4bbf-bf06-7c8d49532341', 'context': [<snowplow_tracker.self_describing_json.SelfDescribingJson object at 0x7f0fc04fd750>]}
[0m05:26:32.493164 [debug] [MainThread]: Sending event: {'category': 'dbt', 'action': 'adapter_info', 'label': 'c4a07bcd-9acc-4bbf-bf06-7c8d49532341', 'context': [<snowplow_tracker.self_describing_json.SelfDescribingJson object at 0x7f0fc969b790>]}
[0m05:26:32.493736 [info ] [MainThread]: Registered adapter: duckdb=1.8.0
[0m05:26:32.559132 [debug] [MainThread]: checksum: 2a6c64e758918535ccc035b9d143fb4c91b01df5f630e583361ba23a87d2a511, vars: {}, profile: , target: dev, version: 1.8.0
[0m05:26:32.612514 [info ] [MainThread]: Unable to do partial parsing because profile has changed
[0m05:26:32.612871 [debug] [MainThread]: Sending event: {'category': 'dbt', 'action': 'partial_parser', 'label': 'c4a07bcd-9acc-4bbf-bf06-7c8d49532341', 'context': [<snowplow_tracker.self_describing_json.SelfDescribingJson object at 0x7f0fc9d73f10>]}
[0m05:26:33.332762 [debug] [MainThread]: Sending event: {'category': 'dbt', 'action': 'load_project', 'label': 'c4a07bcd-9acc-4bbf-bf06-7c8d49532341', 'context': [<snowplow_tracker.self_describing_json.SelfDescribingJson object at 0x7f0fc02ae590>]}
[0m05:26:33.394619 [debug] [MainThread]: Sending event: {'category': 'dbt', 'action': 'resource_counts', 'label': 'c4a07bcd-9acc-4bbf-bf06-7c8d49532341', 'context': [<snowplow_tracker.self_describing_json.SelfDescribingJson object at 0x7f0fc01effd0>]}
[0m05:26:33.395029 [info ] [MainThread]: Found 2 models, 421 macros
[0m05:26:33.395277 [debug] [MainThread]: Sending event: {'category': 'dbt', 'action': 'runnable_timing', 'label': 'c4a07bcd-9acc-4bbf-bf06-7c8d49532341', 'context': [<snowplow_tracker.self_describing_json.SelfDescribingJson object at 0x7f0fc01ef550>]}
[0m05:26:33.396461 [info ] [MainThread]: 
[0m05:26:33.396888 [debug] [MainThread]: Acquiring new duckdb connection 'master'
[0m05:26:33.401398 [debug] [ThreadPool]: Acquiring new duckdb connection 'list_lakehouse'
[0m05:26:33.440688 [debug] [ThreadPool]: Using duckdb connection "list_lakehouse"
[0m05:26:33.441044 [debug] [ThreadPool]: On list_lakehouse: /* {"app": "dbt", "dbt_version": "1.8.0", "profile_name": "lakehouse", "target_name": "dev", "connection_name": "list_lakehouse"} */

    
    select schema_name
    from system.information_schema.schemata
    
    where catalog_name = '"lakehouse"'
    
  
  
[0m05:26:33.441268 [debug] [ThreadPool]: Opening a new connection, currently in state init
[0m05:26:33.986440 [debug] [ThreadPool]: SQL status: OK in 0.545 seconds
[0m05:26:33.987861 [debug] [ThreadPool]: On list_lakehouse: Close
[0m05:26:33.989968 [debug] [ThreadPool]: Re-using an available connection from the pool (formerly list_lakehouse, now create_lakehouse_main)
[0m05:26:33.990358 [debug] [ThreadPool]: Creating schema "database: "lakehouse"
schema: "main"
"
[0m05:26:33.996406 [debug] [ThreadPool]: Using duckdb connection "create_lakehouse_main"
[0m05:26:33.996684 [debug] [ThreadPool]: On create_lakehouse_main: /* {"app": "dbt", "dbt_version": "1.8.0", "profile_name": "lakehouse", "target_name": "dev", "connection_name": "create_lakehouse_main"} */

    
        select type from duckdb_databases()
        where database_name='lakehouse'
        and type='sqlite'
    
  
[0m05:26:33.996910 [debug] [ThreadPool]: Opening a new connection, currently in state closed
[0m05:26:34.072965 [debug] [ThreadPool]: SQL status: OK in 0.076 seconds
[0m05:26:34.074201 [debug] [ThreadPool]: Using duckdb connection "create_lakehouse_main"
[0m05:26:34.074505 [debug] [ThreadPool]: On create_lakehouse_main: BEGIN
[0m05:26:34.074960 [debug] [ThreadPool]: SQL status: OK in 0.000 seconds
[0m05:26:34.075173 [debug] [ThreadPool]: Using duckdb connection "create_lakehouse_main"
[0m05:26:34.075376 [debug] [ThreadPool]: On create_lakehouse_main: /* {"app": "dbt", "dbt_version": "1.8.0", "profile_name": "lakehouse", "target_name": "dev", "connection_name": "create_lakehouse_main"} */

    
    
        create schema if not exists "lakehouse"."main"
    
[0m05:26:34.075776 [debug] [ThreadPool]: SQL status: OK in 0.000 seconds
[0m05:26:34.076383 [debug] [ThreadPool]: On create_lakehouse_main: COMMIT
[0m05:26:34.076622 [debug] [ThreadPool]: Using duckdb connection "create_lakehouse_main"
[0m05:26:34.076830 [debug] [ThreadPool]: On create_lakehouse_main: COMMIT
[0m05:26:34.077162 [debug] [ThreadPool]: SQL status: OK in 0.000 seconds
[0m05:26:34.077387 [debug] [ThreadPool]: On create_lakehouse_main: Close
[0m05:26:34.080255 [debug] [ThreadPool]: Re-using an available connection from the pool (formerly create_lakehouse_main, now list_lakehouse_main)
[0m05:26:34.085004 [debug] [ThreadPool]: Using duckdb connection "list_lakehouse_main"
[0m05:26:34.085251 [debug] [ThreadPool]: On list_lakehouse_main: BEGIN
[0m05:26:34.085467 [debug] [ThreadPool]: Opening a new connection, currently in state closed
[0m05:26:34.156539 [debug] [ThreadPool]: SQL status: OK in 0.071 seconds
[0m05:26:34.156895 [debug] [ThreadPool]: Using duckdb connection "list_lakehouse_main"
[0m05:26:34.157112 [debug] [ThreadPool]: On list_lakehouse_main: /* {"app": "dbt", "dbt_version": "1.8.0", "profile_name": "lakehouse", "target_name": "dev", "connection_name": "list_lakehouse_main"} */
select
      'lakehouse' as database,
      table_name as name,
      table_schema as schema,
      CASE table_type
        WHEN 'BASE TABLE' THEN 'table'
        WHEN 'VIEW' THEN 'view'
        WHEN 'LOCAL TEMPORARY' THEN 'table'
        END as type
    from system.information_schema.tables
    where table_schema = 'main'
    and table_catalog = 'lakehouse'
  
[0m05:26:34.174949 [debug] [ThreadPool]: SQL status: OK in 0.018 seconds
[0m05:26:34.175965 [debug] [ThreadPool]: On list_lakehouse_main: ROLLBACK
[0m05:26:34.176387 [debug] [ThreadPool]: Failed to rollback 'list_lakehouse_main'
[0m05:26:34.176607 [debug] [ThreadPool]: On list_lakehouse_main: Close
[0m05:26:34.178631 [debug] [MainThread]: Sending event: {'category': 'dbt', 'action': 'runnable_timing', 'label': 'c4a07bcd-9acc-4bbf-bf06-7c8d49532341', 'context': [<snowplow_tracker.self_describing_json.SelfDescribingJson object at 0x7f0fbea79ff0>]}
[0m05:26:34.179179 [debug] [MainThread]: Using duckdb connection "master"
[0m05:26:34.179385 [debug] [MainThread]: On master: BEGIN
[0m05:26:34.179586 [debug] [MainThread]: Opening a new connection, currently in state init
[0m05:26:34.246086 [debug] [MainThread]: SQL status: OK in 0.066 seconds
[0m05:26:34.246480 [debug] [MainThread]: On master: COMMIT
[0m05:26:34.246710 [debug] [MainThread]: Using duckdb connection "master"
[0m05:26:34.246919 [debug] [MainThread]: On master: COMMIT
[0m05:26:34.247239 [debug] [MainThread]: SQL status: OK in 0.000 seconds
[0m05:26:34.247486 [debug] [MainThread]: On master: Close
[0m05:26:34.249016 [info ] [MainThread]: Concurrency: 1 threads (target='dev')
[0m05:26:34.249318 [info ] [MainThread]: 
[0m05:26:34.251175 [debug] [Thread-1 (]: Began running node model.lakehouse.sales_silver
[0m05:26:34.251977 [info ] [Thread-1 (]: 1 of 2 START sql external model main.sales_silver .............................. [RUN]
[0m05:26:34.252596 [debug] [Thread-1 (]: Acquiring new duckdb connection 'model.lakehouse.sales_silver'
[0m05:26:34.252866 [debug] [Thread-1 (]: Began compiling node model.lakehouse.sales_silver
[0m05:26:34.266400 [debug] [Thread-1 (]: Writing injected SQL for node "model.lakehouse.sales_silver"
[0m05:26:34.267019 [debug] [Thread-1 (]: Began executing node model.lakehouse.sales_silver
[0m05:26:34.303010 [debug] [Thread-1 (]: Using duckdb connection "model.lakehouse.sales_silver"
[0m05:26:34.303352 [debug] [Thread-1 (]: On model.lakehouse.sales_silver: BEGIN
[0m05:26:34.303602 [debug] [Thread-1 (]: Opening a new connection, currently in state init
[0m05:26:34.376506 [debug] [Thread-1 (]: SQL status: OK in 0.073 seconds
[0m05:26:34.376910 [debug] [Thread-1 (]: Using duckdb connection "model.lakehouse.sales_silver"
[0m05:26:34.377174 [debug] [Thread-1 (]: On model.lakehouse.sales_silver: /* {"app": "dbt", "dbt_version": "1.8.0", "profile_name": "lakehouse", "target_name": "dev", "node_id": "model.lakehouse.sales_silver"} */

  
    
    

    create  table
      "lakehouse"."main"."sales_silver__dbt_tmp"
  
    as (
      

SELECT
    id,
    customer,
    amount,
    date,
    CURRENT_TIMESTAMP as _processed_at
FROM read_parquet('s3://lakehouse/bronze/sales_raw.parquet')
WHERE amount > 0
    );
  
  
[0m05:26:34.388113 [debug] [Thread-1 (]: SQL status: OK in 0.011 seconds
[0m05:26:34.390383 [debug] [Thread-1 (]: Using duckdb connection "model.lakehouse.sales_silver"
[0m05:26:34.390720 [debug] [Thread-1 (]: On model.lakehouse.sales_silver: /* {"app": "dbt", "dbt_version": "1.8.0", "profile_name": "lakehouse", "target_name": "dev", "node_id": "model.lakehouse.sales_silver"} */
copy "lakehouse"."main"."sales_silver__dbt_tmp" to 's3://lakehouse/silver/sales_silver' (format delta)
[0m05:26:34.391322 [debug] [Thread-1 (]: DuckDB adapter: Error running SQL: /* {"app": "dbt", "dbt_version": "1.8.0", "profile_name": "lakehouse", "target_name": "dev", "node_id": "model.lakehouse.sales_silver"} */
copy "lakehouse"."main"."sales_silver__dbt_tmp" to 's3://lakehouse/silver/sales_silver' (format delta)
[0m05:26:34.391621 [debug] [Thread-1 (]: DuckDB adapter: Rolling back transaction.
[0m05:26:34.392012 [debug] [Thread-1 (]: On model.lakehouse.sales_silver: ROLLBACK
[0m05:26:34.393381 [debug] [Thread-1 (]: Failed to rollback 'model.lakehouse.sales_silver'
[0m05:26:34.393653 [debug] [Thread-1 (]: On model.lakehouse.sales_silver: Close
[0m05:26:34.395982 [debug] [Thread-1 (]: Runtime Error in model sales_silver (models/silver/sales_silver.sql)
  Catalog Error: Copy Function with name delta does not exist!
  Did you mean "csv"?
[0m05:26:34.397283 [debug] [Thread-1 (]: Sending event: {'category': 'dbt', 'action': 'run_model', 'label': 'c4a07bcd-9acc-4bbf-bf06-7c8d49532341', 'context': [<snowplow_tracker.self_describing_json.SelfDescribingJson object at 0x7f0f179164a0>]}
[0m05:26:34.397796 [error] [Thread-1 (]: 1 of 2 ERROR creating sql external model main.sales_silver ..................... [[31mERROR[0m in 0.14s]
[0m05:26:34.398281 [debug] [Thread-1 (]: Finished running node model.lakehouse.sales_silver
[0m05:26:34.399837 [debug] [Thread-1 (]: Began running node model.lakehouse.sales_gold
[0m05:26:34.400989 [info ] [Thread-1 (]: 2 of 2 SKIP relation main.sales_gold ........................................... [[33mSKIP[0m]
[0m05:26:34.401599 [debug] [Thread-1 (]: Finished running node model.lakehouse.sales_gold
[0m05:26:34.402620 [debug] [MainThread]: Using duckdb connection "master"
[0m05:26:34.402857 [debug] [MainThread]: On master: BEGIN
[0m05:26:34.403056 [debug] [MainThread]: Opening a new connection, currently in state closed
[0m05:26:34.483644 [debug] [MainThread]: SQL status: OK in 0.080 seconds
[0m05:26:34.484018 [debug] [MainThread]: On master: COMMIT
[0m05:26:34.484248 [debug] [MainThread]: Using duckdb connection "master"
[0m05:26:34.484480 [debug] [MainThread]: On master: COMMIT
[0m05:26:34.484814 [debug] [MainThread]: SQL status: OK in 0.000 seconds
[0m05:26:34.485042 [debug] [MainThread]: On master: Close
[0m05:26:34.486612 [debug] [MainThread]: Connection 'master' was properly closed.
[0m05:26:34.486881 [debug] [MainThread]: Connection 'list_lakehouse_main' was properly closed.
[0m05:26:34.487064 [debug] [MainThread]: Connection 'model.lakehouse.sales_silver' was properly closed.
[0m05:26:34.487341 [info ] [MainThread]: 
[0m05:26:34.487619 [info ] [MainThread]: Finished running 2 external models in 0 hours 0 minutes and 1.09 seconds (1.09s).
[0m05:26:34.488204 [debug] [MainThread]: Command end result
[0m05:26:34.517510 [info ] [MainThread]: 
[0m05:26:34.517862 [info ] [MainThread]: [31mCompleted with 1 error and 0 warnings:[0m
[0m05:26:34.518147 [info ] [MainThread]: 
[0m05:26:34.518471 [error] [MainThread]:   Runtime Error in model sales_silver (models/silver/sales_silver.sql)
  Catalog Error: Copy Function with name delta does not exist!
  Did you mean "csv"?
[0m05:26:34.518723 [info ] [MainThread]: 
[0m05:26:34.518976 [info ] [MainThread]: Done. PASS=0 WARN=0 ERROR=1 SKIP=1 TOTAL=2
[0m05:26:34.519655 [debug] [MainThread]: Resource report: {"command_name": "run", "command_wall_clock_time": 2.2709873, "process_user_time": 6.661671, "process_kernel_time": 0.39965, "process_mem_max_rss": "268444", "process_in_blocks": "175120", "process_out_blocks": "2672", "command_success": false}
[0m05:26:34.520052 [debug] [MainThread]: Command `dbt run` failed at 05:26:34.519975 after 2.27 seconds
[0m05:26:34.520329 [debug] [MainThread]: Sending event: {'category': 'dbt', 'action': 'invocation', 'label': 'end', 'context': [<snowplow_tracker.self_describing_json.SelfDescribingJson object at 0x7f0fcb6e3dc0>, <snowplow_tracker.self_describing_json.SelfDescribingJson object at 0x7f0fc969b790>, <snowplow_tracker.self_describing_json.SelfDescribingJson object at 0x7f0fc028afe0>]}
[0m05:26:34.520582 [debug] [MainThread]: Flushing usage events
[0m05:28:53.477151 [debug] [MainThread]: Sending event: {'category': 'dbt', 'action': 'invocation', 'label': 'start', 'context': [<snowplow_tracker.self_describing_json.SelfDescribingJson object at 0x7fa9ee0c3e20>, <snowplow_tracker.self_describing_json.SelfDescribingJson object at 0x7fa9ec022f50>, <snowplow_tracker.self_describing_json.SelfDescribingJson object at 0x7fa9ec022ef0>]}


============================== 05:28:53.478956 | 26b9a29f-8033-4694-b33c-ed8ff834eef5 ==============================
[0m05:28:53.478956 [info ] [MainThread]: Running with dbt=1.8.0
[0m05:28:53.479418 [debug] [MainThread]: running dbt with arguments {'printer_width': '80', 'indirect_selection': 'eager', 'log_cache_events': 'False', 'write_json': 'True', 'partial_parse': 'True', 'cache_selected_only': 'False', 'warn_error': 'None', 'debug': 'False', 'fail_fast': 'False', 'log_path': '/workspace/dbt_project/logs', 'profiles_dir': '.', 'version_check': 'True', 'use_colors': 'True', 'use_experimental_parser': 'False', 'no_print': 'None', 'quiet': 'False', 'warn_error_options': 'WarnErrorOptions(include=[], exclude=[])', 'invocation_command': 'dbt run --profiles-dir . --target dev', 'introspect': 'True', 'log_format': 'default', 'target_path': 'None', 'static_parser': 'True', 'send_anonymous_usage_stats': 'True'}
[0m05:28:53.641388 [debug] [MainThread]: Sending event: {'category': 'dbt', 'action': 'project_id', 'label': '26b9a29f-8033-4694-b33c-ed8ff834eef5', 'context': [<snowplow_tracker.self_describing_json.SelfDescribingJson object at 0x7fa9e2f16ef0>]}
[0m05:28:53.681500 [debug] [MainThread]: Sending event: {'category': 'dbt', 'action': 'adapter_info', 'label': '26b9a29f-8033-4694-b33c-ed8ff834eef5', 'context': [<snowplow_tracker.self_describing_json.SelfDescribingJson object at 0x7fa9ec1bb250>]}
[0m05:28:53.682053 [info ] [MainThread]: Registered adapter: duckdb=1.8.0
[0m05:28:53.747617 [debug] [MainThread]: checksum: 2a6c64e758918535ccc035b9d143fb4c91b01df5f630e583361ba23a87d2a511, vars: {}, profile: , target: dev, version: 1.8.0
[0m05:28:53.820715 [debug] [MainThread]: Partial parsing enabled: 0 files deleted, 0 files added, 2 files changed.
[0m05:28:53.821170 [debug] [MainThread]: Partial parsing: updated file: lakehouse://models/silver/sales_silver.sql
[0m05:28:53.821470 [debug] [MainThread]: Partial parsing: updated file: lakehouse://models/gold/sales_gold.sql
[0m05:28:53.982526 [debug] [MainThread]: Sending event: {'category': 'dbt', 'action': 'load_project', 'label': '26b9a29f-8033-4694-b33c-ed8ff834eef5', 'context': [<snowplow_tracker.self_describing_json.SelfDescribingJson object at 0x7fa9e2a96680>]}
[0m05:28:54.042966 [debug] [MainThread]: Sending event: {'category': 'dbt', 'action': 'resource_counts', 'label': '26b9a29f-8033-4694-b33c-ed8ff834eef5', 'context': [<snowplow_tracker.self_describing_json.SelfDescribingJson object at 0x7fa9e2a96440>]}
[0m05:28:54.043376 [info ] [MainThread]: Found 2 models, 421 macros
[0m05:28:54.043659 [debug] [MainThread]: Sending event: {'category': 'dbt', 'action': 'runnable_timing', 'label': '26b9a29f-8033-4694-b33c-ed8ff834eef5', 'context': [<snowplow_tracker.self_describing_json.SelfDescribingJson object at 0x7fa9e2a964d0>]}
[0m05:28:54.044813 [info ] [MainThread]: 
[0m05:28:54.045271 [debug] [MainThread]: Acquiring new duckdb connection 'master'
[0m05:28:54.049735 [debug] [ThreadPool]: Acquiring new duckdb connection 'list_lakehouse'
[0m05:28:54.132975 [debug] [ThreadPool]: Using duckdb connection "list_lakehouse"
[0m05:28:54.133308 [debug] [ThreadPool]: On list_lakehouse: /* {"app": "dbt", "dbt_version": "1.8.0", "profile_name": "lakehouse", "target_name": "dev", "connection_name": "list_lakehouse"} */

    
    select schema_name
    from system.information_schema.schemata
    
    where catalog_name = '"lakehouse"'
    
  
  
[0m05:28:54.133533 [debug] [ThreadPool]: Opening a new connection, currently in state init
[0m05:28:54.427859 [debug] [ThreadPool]: SQL status: OK in 0.294 seconds
[0m05:28:54.429048 [debug] [ThreadPool]: On list_lakehouse: Close
[0m05:28:54.430847 [debug] [ThreadPool]: Re-using an available connection from the pool (formerly list_lakehouse, now create_lakehouse_main)
[0m05:28:54.431235 [debug] [ThreadPool]: Creating schema "database: "lakehouse"
schema: "main"
"
[0m05:28:54.436898 [debug] [ThreadPool]: Using duckdb connection "create_lakehouse_main"
[0m05:28:54.437152 [debug] [ThreadPool]: On create_lakehouse_main: /* {"app": "dbt", "dbt_version": "1.8.0", "profile_name": "lakehouse", "target_name": "dev", "connection_name": "create_lakehouse_main"} */

    
        select type from duckdb_databases()
        where database_name='lakehouse'
        and type='sqlite'
    
  
[0m05:28:54.437362 [debug] [ThreadPool]: Opening a new connection, currently in state closed
[0m05:28:54.506965 [debug] [ThreadPool]: SQL status: OK in 0.069 seconds
[0m05:28:54.514609 [debug] [ThreadPool]: Using duckdb connection "create_lakehouse_main"
[0m05:28:54.515223 [debug] [ThreadPool]: On create_lakehouse_main: BEGIN
[0m05:28:54.515737 [debug] [ThreadPool]: SQL status: OK in 0.000 seconds
[0m05:28:54.516049 [debug] [ThreadPool]: Using duckdb connection "create_lakehouse_main"
[0m05:28:54.516332 [debug] [ThreadPool]: On create_lakehouse_main: /* {"app": "dbt", "dbt_version": "1.8.0", "profile_name": "lakehouse", "target_name": "dev", "connection_name": "create_lakehouse_main"} */

    
    
        create schema if not exists "lakehouse"."main"
    
[0m05:28:54.516765 [debug] [ThreadPool]: SQL status: OK in 0.000 seconds
[0m05:28:54.517366 [debug] [ThreadPool]: On create_lakehouse_main: COMMIT
[0m05:28:54.517585 [debug] [ThreadPool]: Using duckdb connection "create_lakehouse_main"
[0m05:28:54.517776 [debug] [ThreadPool]: On create_lakehouse_main: COMMIT
[0m05:28:54.518080 [debug] [ThreadPool]: SQL status: OK in 0.000 seconds
[0m05:28:54.518310 [debug] [ThreadPool]: On create_lakehouse_main: Close
[0m05:28:54.520809 [debug] [ThreadPool]: Re-using an available connection from the pool (formerly create_lakehouse_main, now list_lakehouse_main)
[0m05:28:54.525384 [debug] [ThreadPool]: Using duckdb connection "list_lakehouse_main"
[0m05:28:54.525644 [debug] [ThreadPool]: On list_lakehouse_main: BEGIN
[0m05:28:54.525855 [debug] [ThreadPool]: Opening a new connection, currently in state closed
[0m05:28:54.592825 [debug] [ThreadPool]: SQL status: OK in 0.067 seconds
[0m05:28:54.593223 [debug] [ThreadPool]: Using duckdb connection "list_lakehouse_main"
[0m05:28:54.593466 [debug] [ThreadPool]: On list_lakehouse_main: /* {"app": "dbt", "dbt_version": "1.8.0", "profile_name": "lakehouse", "target_name": "dev", "connection_name": "list_lakehouse_main"} */
select
      'lakehouse' as database,
      table_name as name,
      table_schema as schema,
      CASE table_type
        WHEN 'BASE TABLE' THEN 'table'
        WHEN 'VIEW' THEN 'view'
        WHEN 'LOCAL TEMPORARY' THEN 'table'
        END as type
    from system.information_schema.tables
    where table_schema = 'main'
    and table_catalog = 'lakehouse'
  
[0m05:28:54.611770 [debug] [ThreadPool]: SQL status: OK in 0.018 seconds
[0m05:28:54.612968 [debug] [ThreadPool]: On list_lakehouse_main: ROLLBACK
[0m05:28:54.613401 [debug] [ThreadPool]: Failed to rollback 'list_lakehouse_main'
[0m05:28:54.613632 [debug] [ThreadPool]: On list_lakehouse_main: Close
[0m05:28:54.615963 [debug] [MainThread]: Sending event: {'category': 'dbt', 'action': 'runnable_timing', 'label': '26b9a29f-8033-4694-b33c-ed8ff834eef5', 'context': [<snowplow_tracker.self_describing_json.SelfDescribingJson object at 0x7fa9e2ae5930>]}
[0m05:28:54.616690 [debug] [MainThread]: Using duckdb connection "master"
[0m05:28:54.617111 [debug] [MainThread]: On master: BEGIN
[0m05:28:54.617296 [debug] [MainThread]: Opening a new connection, currently in state init
[0m05:28:54.686752 [debug] [MainThread]: SQL status: OK in 0.069 seconds
[0m05:28:54.687128 [debug] [MainThread]: On master: COMMIT
[0m05:28:54.687345 [debug] [MainThread]: Using duckdb connection "master"
[0m05:28:54.687565 [debug] [MainThread]: On master: COMMIT
[0m05:28:54.687866 [debug] [MainThread]: SQL status: OK in 0.000 seconds
[0m05:28:54.688084 [debug] [MainThread]: On master: Close
[0m05:28:54.689601 [info ] [MainThread]: Concurrency: 1 threads (target='dev')
[0m05:28:54.689901 [info ] [MainThread]: 
[0m05:28:54.691704 [debug] [Thread-1 (]: Began running node model.lakehouse.sales_silver
[0m05:28:54.692405 [info ] [Thread-1 (]: 1 of 2 START sql external model main.sales_silver .............................. [RUN]
[0m05:28:54.693061 [debug] [Thread-1 (]: Acquiring new duckdb connection 'model.lakehouse.sales_silver'
[0m05:28:54.693648 [debug] [Thread-1 (]: Began compiling node model.lakehouse.sales_silver
[0m05:28:54.708230 [debug] [Thread-1 (]: Writing injected SQL for node "model.lakehouse.sales_silver"
[0m05:28:54.708737 [debug] [Thread-1 (]: Began executing node model.lakehouse.sales_silver
[0m05:28:54.801849 [debug] [Thread-1 (]: Using duckdb connection "model.lakehouse.sales_silver"
[0m05:28:54.802210 [debug] [Thread-1 (]: On model.lakehouse.sales_silver: BEGIN
[0m05:28:54.802473 [debug] [Thread-1 (]: Opening a new connection, currently in state init
[0m05:28:54.868087 [debug] [Thread-1 (]: SQL status: OK in 0.066 seconds
[0m05:28:54.868505 [debug] [Thread-1 (]: Using duckdb connection "model.lakehouse.sales_silver"
[0m05:28:54.868759 [debug] [Thread-1 (]: On model.lakehouse.sales_silver: /* {"app": "dbt", "dbt_version": "1.8.0", "profile_name": "lakehouse", "target_name": "dev", "node_id": "model.lakehouse.sales_silver"} */

  
    
    

    create  table
      "lakehouse"."main"."sales_silver__dbt_tmp"
  
    as (
      

SELECT
    id,
    customer,
    amount,
    date,
    CURRENT_TIMESTAMP as _processed_at
FROM read_parquet('s3://lakehouse/bronze/sales_raw.parquet')
WHERE amount > 0
    );
  
  
[0m05:28:54.879030 [debug] [Thread-1 (]: SQL status: OK in 0.010 seconds
[0m05:28:54.881288 [debug] [Thread-1 (]: Using duckdb connection "model.lakehouse.sales_silver"
[0m05:28:54.881593 [debug] [Thread-1 (]: On model.lakehouse.sales_silver: /* {"app": "dbt", "dbt_version": "1.8.0", "profile_name": "lakehouse", "target_name": "dev", "node_id": "model.lakehouse.sales_silver"} */
copy "lakehouse"."main"."sales_silver__dbt_tmp" to 's3://lakehouse/silver/sales_silver.parquet' (format parquet)
[0m05:28:54.889835 [debug] [Thread-1 (]: SQL status: OK in 0.008 seconds
[0m05:28:54.891083 [debug] [Thread-1 (]: Writing runtime sql for node "model.lakehouse.sales_silver"
[0m05:28:54.891613 [debug] [Thread-1 (]: Using duckdb connection "model.lakehouse.sales_silver"
[0m05:28:54.891869 [debug] [Thread-1 (]: On model.lakehouse.sales_silver: /* {"app": "dbt", "dbt_version": "1.8.0", "profile_name": "lakehouse", "target_name": "dev", "node_id": "model.lakehouse.sales_silver"} */
create or replace view "lakehouse"."main"."sales_silver__dbt_int" as (
        select * from 's3://lakehouse/silver/sales_silver.parquet'
    );
[0m05:28:54.897093 [debug] [Thread-1 (]: SQL status: OK in 0.005 seconds
[0m05:28:54.903914 [debug] [Thread-1 (]: Using duckdb connection "model.lakehouse.sales_silver"
[0m05:28:54.904253 [debug] [Thread-1 (]: On model.lakehouse.sales_silver: /* {"app": "dbt", "dbt_version": "1.8.0", "profile_name": "lakehouse", "target_name": "dev", "node_id": "model.lakehouse.sales_silver"} */
alter view "lakehouse"."main"."sales_silver__dbt_int" rename to "sales_silver"
[0m05:28:54.904861 [debug] [Thread-1 (]: SQL status: OK in 0.000 seconds
[0m05:28:54.915768 [debug] [Thread-1 (]: On model.lakehouse.sales_silver: COMMIT
[0m05:28:54.916073 [debug] [Thread-1 (]: Using duckdb connection "model.lakehouse.sales_silver"
[0m05:28:54.916319 [debug] [Thread-1 (]: On model.lakehouse.sales_silver: COMMIT
[0m05:28:54.918058 [debug] [Thread-1 (]: SQL status: OK in 0.001 seconds
[0m05:28:54.921820 [debug] [Thread-1 (]: Using duckdb connection "model.lakehouse.sales_silver"
[0m05:28:54.922090 [debug] [Thread-1 (]: On model.lakehouse.sales_silver: /* {"app": "dbt", "dbt_version": "1.8.0", "profile_name": "lakehouse", "target_name": "dev", "node_id": "model.lakehouse.sales_silver"} */
drop table if exists "lakehouse"."main"."sales_silver__dbt_backup" cascade
[0m05:28:54.922581 [debug] [Thread-1 (]: SQL status: OK in 0.000 seconds
[0m05:28:54.924680 [debug] [Thread-1 (]: Using duckdb connection "model.lakehouse.sales_silver"
[0m05:28:54.924925 [debug] [Thread-1 (]: On model.lakehouse.sales_silver: /* {"app": "dbt", "dbt_version": "1.8.0", "profile_name": "lakehouse", "target_name": "dev", "node_id": "model.lakehouse.sales_silver"} */
drop table if exists "lakehouse"."main"."sales_silver__dbt_tmp" cascade
[0m05:28:54.926358 [debug] [Thread-1 (]: SQL status: OK in 0.001 seconds
[0m05:28:54.928470 [debug] [Thread-1 (]: On model.lakehouse.sales_silver: Close
[0m05:28:54.934168 [debug] [Thread-1 (]: Sending event: {'category': 'dbt', 'action': 'run_model', 'label': '26b9a29f-8033-4694-b33c-ed8ff834eef5', 'context': [<snowplow_tracker.self_describing_json.SelfDescribingJson object at 0x7fa93abb5ba0>]}
[0m05:28:54.934755 [info ] [Thread-1 (]: 1 of 2 OK created sql external model main.sales_silver ......................... [[32mOK[0m in 0.24s]
[0m05:28:54.935247 [debug] [Thread-1 (]: Finished running node model.lakehouse.sales_silver
[0m05:28:54.936056 [debug] [Thread-1 (]: Began running node model.lakehouse.sales_gold
[0m05:28:54.936393 [info ] [Thread-1 (]: 2 of 2 START sql external model main.sales_gold ................................ [RUN]
[0m05:28:54.936773 [debug] [Thread-1 (]: Re-using an available connection from the pool (formerly model.lakehouse.sales_silver, now model.lakehouse.sales_gold)
[0m05:28:54.937024 [debug] [Thread-1 (]: Began compiling node model.lakehouse.sales_gold
[0m05:28:54.939736 [debug] [Thread-1 (]: Writing injected SQL for node "model.lakehouse.sales_gold"
[0m05:28:54.940181 [debug] [Thread-1 (]: Began executing node model.lakehouse.sales_gold
[0m05:28:54.950931 [debug] [Thread-1 (]: Using duckdb connection "model.lakehouse.sales_gold"
[0m05:28:54.951382 [debug] [Thread-1 (]: On model.lakehouse.sales_gold: BEGIN
[0m05:28:54.951772 [debug] [Thread-1 (]: Opening a new connection, currently in state closed
[0m05:28:55.037151 [debug] [Thread-1 (]: SQL status: OK in 0.085 seconds
[0m05:28:55.037598 [debug] [Thread-1 (]: Using duckdb connection "model.lakehouse.sales_gold"
[0m05:28:55.037883 [debug] [Thread-1 (]: On model.lakehouse.sales_gold: /* {"app": "dbt", "dbt_version": "1.8.0", "profile_name": "lakehouse", "target_name": "dev", "node_id": "model.lakehouse.sales_gold"} */

  
    
    

    create  table
      "lakehouse"."main"."sales_gold__dbt_tmp"
  
    as (
      

SELECT
    date,
    COUNT(id) as total_transactions,
    SUM(amount) as total_sales,
    CURRENT_TIMESTAMP as _processed_at
FROM "lakehouse"."main"."sales_silver"
GROUP BY date
    );
  
  
[0m05:28:55.050796 [debug] [Thread-1 (]: SQL status: OK in 0.013 seconds
[0m05:28:55.051849 [debug] [Thread-1 (]: Using duckdb connection "model.lakehouse.sales_gold"
[0m05:28:55.052133 [debug] [Thread-1 (]: On model.lakehouse.sales_gold: /* {"app": "dbt", "dbt_version": "1.8.0", "profile_name": "lakehouse", "target_name": "dev", "node_id": "model.lakehouse.sales_gold"} */
copy "lakehouse"."main"."sales_gold__dbt_tmp" to 's3://lakehouse/gold/sales_gold.parquet' (format parquet)
[0m05:28:55.059534 [debug] [Thread-1 (]: SQL status: OK in 0.007 seconds
[0m05:28:55.060535 [debug] [Thread-1 (]: Writing runtime sql for node "model.lakehouse.sales_gold"
[0m05:28:55.061003 [debug] [Thread-1 (]: Using duckdb connection "model.lakehouse.sales_gold"
[0m05:28:55.061269 [debug] [Thread-1 (]: On model.lakehouse.sales_gold: /* {"app": "dbt", "dbt_version": "1.8.0", "profile_name": "lakehouse", "target_name": "dev", "node_id": "model.lakehouse.sales_gold"} */
create or replace view "lakehouse"."main"."sales_gold__dbt_int" as (
        select * from 's3://lakehouse/gold/sales_gold.parquet'
    );
[0m05:28:55.065848 [debug] [Thread-1 (]: SQL status: OK in 0.004 seconds
[0m05:28:55.068409 [debug] [Thread-1 (]: Using duckdb connection "model.lakehouse.sales_gold"
[0m05:28:55.068711 [debug] [Thread-1 (]: On model.lakehouse.sales_gold: /* {"app": "dbt", "dbt_version": "1.8.0", "profile_name": "lakehouse", "target_name": "dev", "node_id": "model.lakehouse.sales_gold"} */
alter view "lakehouse"."main"."sales_gold__dbt_int" rename to "sales_gold"
[0m05:28:55.069198 [debug] [Thread-1 (]: SQL status: OK in 0.000 seconds
[0m05:28:55.070211 [debug] [Thread-1 (]: On model.lakehouse.sales_gold: COMMIT
[0m05:28:55.070486 [debug] [Thread-1 (]: Using duckdb connection "model.lakehouse.sales_gold"
[0m05:28:55.070751 [debug] [Thread-1 (]: On model.lakehouse.sales_gold: COMMIT
[0m05:28:55.072084 [debug] [Thread-1 (]: SQL status: OK in 0.001 seconds
[0m05:28:55.074445 [debug] [Thread-1 (]: Using duckdb connection "model.lakehouse.sales_gold"
[0m05:28:55.074730 [debug] [Thread-1 (]: On model.lakehouse.sales_gold: /* {"app": "dbt", "dbt_version": "1.8.0", "profile_name": "lakehouse", "target_name": "dev", "node_id": "model.lakehouse.sales_gold"} */
drop table if exists "lakehouse"."main"."sales_gold__dbt_backup" cascade
[0m05:28:55.075157 [debug] [Thread-1 (]: SQL status: OK in 0.000 seconds
[0m05:28:55.078089 [debug] [Thread-1 (]: Using duckdb connection "model.lakehouse.sales_gold"
[0m05:28:55.078429 [debug] [Thread-1 (]: On model.lakehouse.sales_gold: /* {"app": "dbt", "dbt_version": "1.8.0", "profile_name": "lakehouse", "target_name": "dev", "node_id": "model.lakehouse.sales_gold"} */
drop table if exists "lakehouse"."main"."sales_gold__dbt_tmp" cascade
[0m05:28:55.079588 [debug] [Thread-1 (]: SQL status: OK in 0.001 seconds
[0m05:28:55.080709 [debug] [Thread-1 (]: On model.lakehouse.sales_gold: Close
[0m05:28:55.085368 [debug] [Thread-1 (]: Sending event: {'category': 'dbt', 'action': 'run_model', 'label': '26b9a29f-8033-4694-b33c-ed8ff834eef5', 'context': [<snowplow_tracker.self_describing_json.SelfDescribingJson object at 0x7fa9e2b636d0>]}
[0m05:28:55.085927 [info ] [Thread-1 (]: 2 of 2 OK created sql external model main.sales_gold ........................... [[32mOK[0m in 0.15s]
[0m05:28:55.086397 [debug] [Thread-1 (]: Finished running node model.lakehouse.sales_gold
[0m05:28:55.087433 [debug] [MainThread]: Using duckdb connection "master"
[0m05:28:55.087680 [debug] [MainThread]: On master: BEGIN
[0m05:28:55.087882 [debug] [MainThread]: Opening a new connection, currently in state closed
[0m05:28:55.163066 [debug] [MainThread]: SQL status: OK in 0.075 seconds
[0m05:28:55.163474 [debug] [MainThread]: On master: COMMIT
[0m05:28:55.163702 [debug] [MainThread]: Using duckdb connection "master"
[0m05:28:55.163899 [debug] [MainThread]: On master: COMMIT
[0m05:28:55.164214 [debug] [MainThread]: SQL status: OK in 0.000 seconds
[0m05:28:55.164448 [debug] [MainThread]: On master: Close
[0m05:28:55.165978 [debug] [MainThread]: Connection 'master' was properly closed.
[0m05:28:55.166225 [debug] [MainThread]: Connection 'list_lakehouse_main' was properly closed.
[0m05:28:55.166619 [debug] [MainThread]: Connection 'model.lakehouse.sales_gold' was properly closed.
[0m05:28:55.167158 [info ] [MainThread]: 
[0m05:28:55.167697 [info ] [MainThread]: Finished running 2 external models in 0 hours 0 minutes and 1.12 seconds (1.12s).
[0m05:28:55.168454 [debug] [MainThread]: Command end result
[0m05:28:55.197125 [info ] [MainThread]: 
[0m05:28:55.197543 [info ] [MainThread]: [32mCompleted successfully[0m
[0m05:28:55.197855 [info ] [MainThread]: 
[0m05:28:55.198154 [info ] [MainThread]: Done. PASS=2 WARN=0 ERROR=0 SKIP=0 TOTAL=2
[0m05:28:55.198950 [debug] [MainThread]: Resource report: {"command_name": "run", "command_success": true, "command_wall_clock_time": 1.7591796, "process_user_time": 6.686667, "process_kernel_time": 0.462802, "process_mem_max_rss": "265224", "process_in_blocks": "2160", "process_out_blocks": "3632"}
[0m05:28:55.199362 [debug] [MainThread]: Command `dbt run` succeeded at 05:28:55.199285 after 1.76 seconds
[0m05:28:55.199640 [debug] [MainThread]: Sending event: {'category': 'dbt', 'action': 'invocation', 'label': 'end', 'context': [<snowplow_tracker.self_describing_json.SelfDescribingJson object at 0x7fa9ee0c3e20>, <snowplow_tracker.self_describing_json.SelfDescribingJson object at 0x7fa9e2f16ef0>, <snowplow_tracker.self_describing_json.SelfDescribingJson object at 0x7fa9edf53610>]}
[0m05:28:55.199897 [debug] [MainThread]: Flushing usage events
[0m05:30:16.494440 [debug] [MainThread]: Sending event: {'category': 'dbt', 'action': 'invocation', 'label': 'start', 'context': [<snowplow_tracker.self_describing_json.SelfDescribingJson object at 0x7fe0d642fe20>, <snowplow_tracker.self_describing_json.SelfDescribingJson object at 0x7fe0d4382f50>, <snowplow_tracker.self_describing_json.SelfDescribingJson object at 0x7fe0d4382ef0>]}


============================== 05:30:16.496532 | bbdaf5f4-4e11-4d51-9ce1-31bcc37abb84 ==============================
[0m05:30:16.496532 [info ] [MainThread]: Running with dbt=1.8.0
[0m05:30:16.497003 [debug] [MainThread]: running dbt with arguments {'printer_width': '80', 'indirect_selection': 'eager', 'write_json': 'True', 'log_cache_events': 'False', 'partial_parse': 'True', 'cache_selected_only': 'False', 'profiles_dir': '.', 'fail_fast': 'False', 'warn_error': 'None', 'log_path': '/workspace/dbt_project/logs', 'debug': 'False', 'version_check': 'True', 'use_colors': 'True', 'use_experimental_parser': 'False', 'no_print': 'None', 'quiet': 'False', 'log_format': 'default', 'static_parser': 'True', 'invocation_command': 'dbt run --profiles-dir . --target dev', 'warn_error_options': 'WarnErrorOptions(include=[], exclude=[])', 'target_path': 'None', 'introspect': 'True', 'send_anonymous_usage_stats': 'True'}
[0m05:30:16.665466 [debug] [MainThread]: Sending event: {'category': 'dbt', 'action': 'project_id', 'label': 'bbdaf5f4-4e11-4d51-9ce1-31bcc37abb84', 'context': [<snowplow_tracker.self_describing_json.SelfDescribingJson object at 0x7fe0d109aef0>]}
[0m05:30:16.704624 [debug] [MainThread]: Sending event: {'category': 'dbt', 'action': 'adapter_info', 'label': 'bbdaf5f4-4e11-4d51-9ce1-31bcc37abb84', 'context': [<snowplow_tracker.self_describing_json.SelfDescribingJson object at 0x7fe0d6863250>]}
[0m05:30:16.705147 [info ] [MainThread]: Registered adapter: duckdb=1.8.0
[0m05:30:16.769547 [debug] [MainThread]: checksum: 2a6c64e758918535ccc035b9d143fb4c91b01df5f630e583361ba23a87d2a511, vars: {}, profile: , target: dev, version: 1.8.0
[0m05:30:16.834254 [debug] [MainThread]: Partial parsing enabled: 0 files deleted, 0 files added, 0 files changed.
[0m05:30:16.834594 [debug] [MainThread]: Partial parsing enabled, no changes found, skipping parsing
[0m05:30:16.856863 [debug] [MainThread]: Sending event: {'category': 'dbt', 'action': 'load_project', 'label': 'bbdaf5f4-4e11-4d51-9ce1-31bcc37abb84', 'context': [<snowplow_tracker.self_describing_json.SelfDescribingJson object at 0x7fe0cae3c370>]}
[0m05:30:16.910452 [debug] [MainThread]: Sending event: {'category': 'dbt', 'action': 'resource_counts', 'label': 'bbdaf5f4-4e11-4d51-9ce1-31bcc37abb84', 'context': [<snowplow_tracker.self_describing_json.SelfDescribingJson object at 0x7fe0cae50ca0>]}
[0m05:30:16.910818 [info ] [MainThread]: Found 2 models, 421 macros
[0m05:30:16.911060 [debug] [MainThread]: Sending event: {'category': 'dbt', 'action': 'runnable_timing', 'label': 'bbdaf5f4-4e11-4d51-9ce1-31bcc37abb84', 'context': [<snowplow_tracker.self_describing_json.SelfDescribingJson object at 0x7fe0d627f2b0>]}
[0m05:30:16.912206 [info ] [MainThread]: 
[0m05:30:16.912654 [debug] [MainThread]: Acquiring new duckdb connection 'master'
[0m05:30:16.917061 [debug] [ThreadPool]: Acquiring new duckdb connection 'list_lakehouse'
[0m05:30:16.954444 [debug] [ThreadPool]: Using duckdb connection "list_lakehouse"
[0m05:30:16.954845 [debug] [ThreadPool]: On list_lakehouse: /* {"app": "dbt", "dbt_version": "1.8.0", "profile_name": "lakehouse", "target_name": "dev", "connection_name": "list_lakehouse"} */

    
    select schema_name
    from system.information_schema.schemata
    
    where catalog_name = '"lakehouse"'
    
  
  
[0m05:30:16.955055 [debug] [ThreadPool]: Opening a new connection, currently in state init
[0m05:30:17.295934 [debug] [ThreadPool]: SQL status: OK in 0.341 seconds
[0m05:30:17.297173 [debug] [ThreadPool]: On list_lakehouse: Close
[0m05:30:17.299030 [debug] [ThreadPool]: Re-using an available connection from the pool (formerly list_lakehouse, now create_lakehouse_main)
[0m05:30:17.299399 [debug] [ThreadPool]: Creating schema "database: "lakehouse"
schema: "main"
"
[0m05:30:17.305314 [debug] [ThreadPool]: Using duckdb connection "create_lakehouse_main"
[0m05:30:17.305594 [debug] [ThreadPool]: On create_lakehouse_main: /* {"app": "dbt", "dbt_version": "1.8.0", "profile_name": "lakehouse", "target_name": "dev", "connection_name": "create_lakehouse_main"} */

    
        select type from duckdb_databases()
        where database_name='lakehouse'
        and type='sqlite'
    
  
[0m05:30:17.305814 [debug] [ThreadPool]: Opening a new connection, currently in state closed
[0m05:30:17.374771 [debug] [ThreadPool]: SQL status: OK in 0.069 seconds
[0m05:30:17.375974 [debug] [ThreadPool]: Using duckdb connection "create_lakehouse_main"
[0m05:30:17.376217 [debug] [ThreadPool]: On create_lakehouse_main: BEGIN
[0m05:30:17.376780 [debug] [ThreadPool]: SQL status: OK in 0.000 seconds
[0m05:30:17.376993 [debug] [ThreadPool]: Using duckdb connection "create_lakehouse_main"
[0m05:30:17.377187 [debug] [ThreadPool]: On create_lakehouse_main: /* {"app": "dbt", "dbt_version": "1.8.0", "profile_name": "lakehouse", "target_name": "dev", "connection_name": "create_lakehouse_main"} */

    
    
        create schema if not exists "lakehouse"."main"
    
[0m05:30:17.377521 [debug] [ThreadPool]: SQL status: OK in 0.000 seconds
[0m05:30:17.378082 [debug] [ThreadPool]: On create_lakehouse_main: COMMIT
[0m05:30:17.378284 [debug] [ThreadPool]: Using duckdb connection "create_lakehouse_main"
[0m05:30:17.378483 [debug] [ThreadPool]: On create_lakehouse_main: COMMIT
[0m05:30:17.378774 [debug] [ThreadPool]: SQL status: OK in 0.000 seconds
[0m05:30:17.378997 [debug] [ThreadPool]: On create_lakehouse_main: Close
[0m05:30:17.381500 [debug] [ThreadPool]: Re-using an available connection from the pool (formerly create_lakehouse_main, now list_lakehouse_main)
[0m05:30:17.385778 [debug] [ThreadPool]: Using duckdb connection "list_lakehouse_main"
[0m05:30:17.386013 [debug] [ThreadPool]: On list_lakehouse_main: BEGIN
[0m05:30:17.386214 [debug] [ThreadPool]: Opening a new connection, currently in state closed
[0m05:30:17.452004 [debug] [ThreadPool]: SQL status: OK in 0.066 seconds
[0m05:30:17.452360 [debug] [ThreadPool]: Using duckdb connection "list_lakehouse_main"
[0m05:30:17.452627 [debug] [ThreadPool]: On list_lakehouse_main: /* {"app": "dbt", "dbt_version": "1.8.0", "profile_name": "lakehouse", "target_name": "dev", "connection_name": "list_lakehouse_main"} */
select
      'lakehouse' as database,
      table_name as name,
      table_schema as schema,
      CASE table_type
        WHEN 'BASE TABLE' THEN 'table'
        WHEN 'VIEW' THEN 'view'
        WHEN 'LOCAL TEMPORARY' THEN 'table'
        END as type
    from system.information_schema.tables
    where table_schema = 'main'
    and table_catalog = 'lakehouse'
  
[0m05:30:17.470072 [debug] [ThreadPool]: SQL status: OK in 0.017 seconds
[0m05:30:17.471198 [debug] [ThreadPool]: On list_lakehouse_main: ROLLBACK
[0m05:30:17.471624 [debug] [ThreadPool]: Failed to rollback 'list_lakehouse_main'
[0m05:30:17.471827 [debug] [ThreadPool]: On list_lakehouse_main: Close
[0m05:30:17.474244 [debug] [MainThread]: Sending event: {'category': 'dbt', 'action': 'runnable_timing', 'label': 'bbdaf5f4-4e11-4d51-9ce1-31bcc37abb84', 'context': [<snowplow_tracker.self_describing_json.SelfDescribingJson object at 0x7fe0cae5b730>]}
[0m05:30:17.474624 [debug] [MainThread]: Using duckdb connection "master"
[0m05:30:17.474828 [debug] [MainThread]: On master: BEGIN
[0m05:30:17.475028 [debug] [MainThread]: Opening a new connection, currently in state init
[0m05:30:17.553301 [debug] [MainThread]: SQL status: OK in 0.078 seconds
[0m05:30:17.553701 [debug] [MainThread]: On master: COMMIT
[0m05:30:17.553918 [debug] [MainThread]: Using duckdb connection "master"
[0m05:30:17.554121 [debug] [MainThread]: On master: COMMIT
[0m05:30:17.554437 [debug] [MainThread]: SQL status: OK in 0.000 seconds
[0m05:30:17.554665 [debug] [MainThread]: On master: Close
[0m05:30:17.556131 [info ] [MainThread]: Concurrency: 1 threads (target='dev')
[0m05:30:17.556416 [info ] [MainThread]: 
[0m05:30:17.558166 [debug] [Thread-1 (]: Began running node model.lakehouse.sales_silver
[0m05:30:17.558570 [info ] [Thread-1 (]: 1 of 2 START sql external model main.sales_silver .............................. [RUN]
[0m05:30:17.558975 [debug] [Thread-1 (]: Acquiring new duckdb connection 'model.lakehouse.sales_silver'
[0m05:30:17.559209 [debug] [Thread-1 (]: Began compiling node model.lakehouse.sales_silver
[0m05:30:17.574128 [debug] [Thread-1 (]: Writing injected SQL for node "model.lakehouse.sales_silver"
[0m05:30:17.574835 [debug] [Thread-1 (]: Began executing node model.lakehouse.sales_silver
[0m05:30:17.617068 [debug] [Thread-1 (]: Using duckdb connection "model.lakehouse.sales_silver"
[0m05:30:17.617720 [debug] [Thread-1 (]: On model.lakehouse.sales_silver: BEGIN
[0m05:30:17.618152 [debug] [Thread-1 (]: Opening a new connection, currently in state init
[0m05:30:17.728179 [debug] [Thread-1 (]: SQL status: OK in 0.110 seconds
[0m05:30:17.728742 [debug] [Thread-1 (]: Using duckdb connection "model.lakehouse.sales_silver"
[0m05:30:17.729060 [debug] [Thread-1 (]: On model.lakehouse.sales_silver: /* {"app": "dbt", "dbt_version": "1.8.0", "profile_name": "lakehouse", "target_name": "dev", "node_id": "model.lakehouse.sales_silver"} */

  
    
    

    create  table
      "lakehouse"."main"."sales_silver__dbt_tmp"
  
    as (
      

SELECT
    id,
    customer,
    amount,
    date,
    CURRENT_TIMESTAMP as _processed_at
FROM read_parquet('s3://lakehouse/bronze/sales_raw.parquet')
WHERE amount > 0
    );
  
  
[0m05:30:17.737646 [debug] [Thread-1 (]: SQL status: OK in 0.008 seconds
[0m05:30:17.740040 [debug] [Thread-1 (]: Using duckdb connection "model.lakehouse.sales_silver"
[0m05:30:17.740343 [debug] [Thread-1 (]: On model.lakehouse.sales_silver: /* {"app": "dbt", "dbt_version": "1.8.0", "profile_name": "lakehouse", "target_name": "dev", "node_id": "model.lakehouse.sales_silver"} */
copy "lakehouse"."main"."sales_silver__dbt_tmp" to 's3://lakehouse/silver/sales_silver.parquet' (format parquet)
[0m05:30:17.749136 [debug] [Thread-1 (]: SQL status: OK in 0.008 seconds
[0m05:30:17.750117 [debug] [Thread-1 (]: Writing runtime sql for node "model.lakehouse.sales_silver"
[0m05:30:17.750588 [debug] [Thread-1 (]: Using duckdb connection "model.lakehouse.sales_silver"
[0m05:30:17.750853 [debug] [Thread-1 (]: On model.lakehouse.sales_silver: /* {"app": "dbt", "dbt_version": "1.8.0", "profile_name": "lakehouse", "target_name": "dev", "node_id": "model.lakehouse.sales_silver"} */
create or replace view "lakehouse"."main"."sales_silver__dbt_int" as (
        select * from 's3://lakehouse/silver/sales_silver.parquet'
    );
[0m05:30:17.755287 [debug] [Thread-1 (]: SQL status: OK in 0.004 seconds
[0m05:30:17.761071 [debug] [Thread-1 (]: Using duckdb connection "model.lakehouse.sales_silver"
[0m05:30:17.761381 [debug] [Thread-1 (]: On model.lakehouse.sales_silver: /* {"app": "dbt", "dbt_version": "1.8.0", "profile_name": "lakehouse", "target_name": "dev", "node_id": "model.lakehouse.sales_silver"} */
alter view "lakehouse"."main"."sales_silver" rename to "sales_silver__dbt_backup"
[0m05:30:17.762041 [debug] [Thread-1 (]: SQL status: OK in 0.000 seconds
[0m05:30:17.764197 [debug] [Thread-1 (]: Using duckdb connection "model.lakehouse.sales_silver"
[0m05:30:17.764475 [debug] [Thread-1 (]: On model.lakehouse.sales_silver: /* {"app": "dbt", "dbt_version": "1.8.0", "profile_name": "lakehouse", "target_name": "dev", "node_id": "model.lakehouse.sales_silver"} */
alter view "lakehouse"."main"."sales_silver__dbt_int" rename to "sales_silver"
[0m05:30:17.764931 [debug] [Thread-1 (]: SQL status: OK in 0.000 seconds
[0m05:30:17.777294 [debug] [Thread-1 (]: On model.lakehouse.sales_silver: COMMIT
[0m05:30:17.777598 [debug] [Thread-1 (]: Using duckdb connection "model.lakehouse.sales_silver"
[0m05:30:17.777848 [debug] [Thread-1 (]: On model.lakehouse.sales_silver: COMMIT
[0m05:30:17.779281 [debug] [Thread-1 (]: SQL status: OK in 0.001 seconds
[0m05:30:17.783098 [debug] [Thread-1 (]: Using duckdb connection "model.lakehouse.sales_silver"
[0m05:30:17.783379 [debug] [Thread-1 (]: On model.lakehouse.sales_silver: /* {"app": "dbt", "dbt_version": "1.8.0", "profile_name": "lakehouse", "target_name": "dev", "node_id": "model.lakehouse.sales_silver"} */
drop view if exists "lakehouse"."main"."sales_silver__dbt_backup" cascade
[0m05:30:17.784477 [debug] [Thread-1 (]: SQL status: OK in 0.001 seconds
[0m05:30:17.786516 [debug] [Thread-1 (]: Using duckdb connection "model.lakehouse.sales_silver"
[0m05:30:17.786764 [debug] [Thread-1 (]: On model.lakehouse.sales_silver: /* {"app": "dbt", "dbt_version": "1.8.0", "profile_name": "lakehouse", "target_name": "dev", "node_id": "model.lakehouse.sales_silver"} */
drop table if exists "lakehouse"."main"."sales_silver__dbt_tmp" cascade
[0m05:30:17.787882 [debug] [Thread-1 (]: SQL status: OK in 0.001 seconds
[0m05:30:17.789866 [debug] [Thread-1 (]: On model.lakehouse.sales_silver: Close
[0m05:30:17.795441 [debug] [Thread-1 (]: Sending event: {'category': 'dbt', 'action': 'run_model', 'label': 'bbdaf5f4-4e11-4d51-9ce1-31bcc37abb84', 'context': [<snowplow_tracker.self_describing_json.SelfDescribingJson object at 0x7fe0d7582410>]}
[0m05:30:17.795996 [info ] [Thread-1 (]: 1 of 2 OK created sql external model main.sales_silver ......................... [[32mOK[0m in 0.24s]
[0m05:30:17.796511 [debug] [Thread-1 (]: Finished running node model.lakehouse.sales_silver
[0m05:30:17.797386 [debug] [Thread-1 (]: Began running node model.lakehouse.sales_gold
[0m05:30:17.797894 [info ] [Thread-1 (]: 2 of 2 START sql external model main.sales_gold ................................ [RUN]
[0m05:30:17.798260 [debug] [Thread-1 (]: Re-using an available connection from the pool (formerly model.lakehouse.sales_silver, now model.lakehouse.sales_gold)
[0m05:30:17.798536 [debug] [Thread-1 (]: Began compiling node model.lakehouse.sales_gold
[0m05:30:17.801028 [debug] [Thread-1 (]: Writing injected SQL for node "model.lakehouse.sales_gold"
[0m05:30:17.801484 [debug] [Thread-1 (]: Began executing node model.lakehouse.sales_gold
[0m05:30:17.807745 [debug] [Thread-1 (]: Using duckdb connection "model.lakehouse.sales_gold"
[0m05:30:17.811768 [debug] [Thread-1 (]: On model.lakehouse.sales_gold: BEGIN
[0m05:30:17.812708 [debug] [Thread-1 (]: Opening a new connection, currently in state closed
[0m05:30:17.882093 [debug] [Thread-1 (]: SQL status: OK in 0.069 seconds
[0m05:30:17.882498 [debug] [Thread-1 (]: Using duckdb connection "model.lakehouse.sales_gold"
[0m05:30:17.882748 [debug] [Thread-1 (]: On model.lakehouse.sales_gold: /* {"app": "dbt", "dbt_version": "1.8.0", "profile_name": "lakehouse", "target_name": "dev", "node_id": "model.lakehouse.sales_gold"} */

  
    
    

    create  table
      "lakehouse"."main"."sales_gold__dbt_tmp"
  
    as (
      

SELECT
    date,
    COUNT(id) as total_transactions,
    SUM(amount) as total_sales,
    CURRENT_TIMESTAMP as _processed_at
FROM "lakehouse"."main"."sales_silver"
GROUP BY date
    );
  
  
[0m05:30:17.891516 [debug] [Thread-1 (]: SQL status: OK in 0.008 seconds
[0m05:30:17.892521 [debug] [Thread-1 (]: Using duckdb connection "model.lakehouse.sales_gold"
[0m05:30:17.892784 [debug] [Thread-1 (]: On model.lakehouse.sales_gold: /* {"app": "dbt", "dbt_version": "1.8.0", "profile_name": "lakehouse", "target_name": "dev", "node_id": "model.lakehouse.sales_gold"} */
copy "lakehouse"."main"."sales_gold__dbt_tmp" to 's3://lakehouse/gold/sales_gold.parquet' (format parquet)
[0m05:30:17.901358 [debug] [Thread-1 (]: SQL status: OK in 0.008 seconds
[0m05:30:17.902509 [debug] [Thread-1 (]: Writing runtime sql for node "model.lakehouse.sales_gold"
[0m05:30:17.902937 [debug] [Thread-1 (]: Using duckdb connection "model.lakehouse.sales_gold"
[0m05:30:17.903178 [debug] [Thread-1 (]: On model.lakehouse.sales_gold: /* {"app": "dbt", "dbt_version": "1.8.0", "profile_name": "lakehouse", "target_name": "dev", "node_id": "model.lakehouse.sales_gold"} */
create or replace view "lakehouse"."main"."sales_gold__dbt_int" as (
        select * from 's3://lakehouse/gold/sales_gold.parquet'
    );
[0m05:30:17.906961 [debug] [Thread-1 (]: SQL status: OK in 0.004 seconds
[0m05:30:17.909499 [debug] [Thread-1 (]: Using duckdb connection "model.lakehouse.sales_gold"
[0m05:30:17.909765 [debug] [Thread-1 (]: On model.lakehouse.sales_gold: /* {"app": "dbt", "dbt_version": "1.8.0", "profile_name": "lakehouse", "target_name": "dev", "node_id": "model.lakehouse.sales_gold"} */
alter view "lakehouse"."main"."sales_gold" rename to "sales_gold__dbt_backup"
[0m05:30:17.910236 [debug] [Thread-1 (]: SQL status: OK in 0.000 seconds
[0m05:30:17.913130 [debug] [Thread-1 (]: Using duckdb connection "model.lakehouse.sales_gold"
[0m05:30:17.913385 [debug] [Thread-1 (]: On model.lakehouse.sales_gold: /* {"app": "dbt", "dbt_version": "1.8.0", "profile_name": "lakehouse", "target_name": "dev", "node_id": "model.lakehouse.sales_gold"} */
alter view "lakehouse"."main"."sales_gold__dbt_int" rename to "sales_gold"
[0m05:30:17.913851 [debug] [Thread-1 (]: SQL status: OK in 0.000 seconds
[0m05:30:17.914899 [debug] [Thread-1 (]: On model.lakehouse.sales_gold: COMMIT
[0m05:30:17.915134 [debug] [Thread-1 (]: Using duckdb connection "model.lakehouse.sales_gold"
[0m05:30:17.915365 [debug] [Thread-1 (]: On model.lakehouse.sales_gold: COMMIT
[0m05:30:17.916930 [debug] [Thread-1 (]: SQL status: OK in 0.001 seconds
[0m05:30:17.977354 [debug] [Thread-1 (]: Using duckdb connection "model.lakehouse.sales_gold"
[0m05:30:17.977751 [debug] [Thread-1 (]: On model.lakehouse.sales_gold: /* {"app": "dbt", "dbt_version": "1.8.0", "profile_name": "lakehouse", "target_name": "dev", "node_id": "model.lakehouse.sales_gold"} */
drop view if exists "lakehouse"."main"."sales_gold__dbt_backup" cascade
[0m05:30:17.979375 [debug] [Thread-1 (]: SQL status: OK in 0.001 seconds
[0m05:30:17.981508 [debug] [Thread-1 (]: Using duckdb connection "model.lakehouse.sales_gold"
[0m05:30:17.981750 [debug] [Thread-1 (]: On model.lakehouse.sales_gold: /* {"app": "dbt", "dbt_version": "1.8.0", "profile_name": "lakehouse", "target_name": "dev", "node_id": "model.lakehouse.sales_gold"} */
drop table if exists "lakehouse"."main"."sales_gold__dbt_tmp" cascade
[0m05:30:17.982856 [debug] [Thread-1 (]: SQL status: OK in 0.001 seconds
[0m05:30:17.983805 [debug] [Thread-1 (]: On model.lakehouse.sales_gold: Close
[0m05:30:17.988771 [debug] [Thread-1 (]: Sending event: {'category': 'dbt', 'action': 'run_model', 'label': 'bbdaf5f4-4e11-4d51-9ce1-31bcc37abb84', 'context': [<snowplow_tracker.self_describing_json.SelfDescribingJson object at 0x7fe05488ad70>]}
[0m05:30:17.989281 [info ] [Thread-1 (]: 2 of 2 OK created sql external model main.sales_gold ........................... [[32mOK[0m in 0.19s]
[0m05:30:17.989762 [debug] [Thread-1 (]: Finished running node model.lakehouse.sales_gold
[0m05:30:17.990860 [debug] [MainThread]: Using duckdb connection "master"
[0m05:30:17.991097 [debug] [MainThread]: On master: BEGIN
[0m05:30:17.991276 [debug] [MainThread]: Opening a new connection, currently in state closed
[0m05:30:18.068118 [debug] [MainThread]: SQL status: OK in 0.077 seconds
[0m05:30:18.068502 [debug] [MainThread]: On master: COMMIT
[0m05:30:18.068725 [debug] [MainThread]: Using duckdb connection "master"
[0m05:30:18.068927 [debug] [MainThread]: On master: COMMIT
[0m05:30:18.069250 [debug] [MainThread]: SQL status: OK in 0.000 seconds
[0m05:30:18.069506 [debug] [MainThread]: On master: Close
[0m05:30:18.070923 [debug] [MainThread]: Connection 'master' was properly closed.
[0m05:30:18.071159 [debug] [MainThread]: Connection 'list_lakehouse_main' was properly closed.
[0m05:30:18.071348 [debug] [MainThread]: Connection 'model.lakehouse.sales_gold' was properly closed.
[0m05:30:18.071651 [info ] [MainThread]: 
[0m05:30:18.071908 [info ] [MainThread]: Finished running 2 external models in 0 hours 0 minutes and 1.16 seconds (1.16s).
[0m05:30:18.072561 [debug] [MainThread]: Command end result
[0m05:30:18.100628 [info ] [MainThread]: 
[0m05:30:18.101007 [info ] [MainThread]: [32mCompleted successfully[0m
[0m05:30:18.101279 [info ] [MainThread]: 
[0m05:30:18.101573 [info ] [MainThread]: Done. PASS=2 WARN=0 ERROR=0 SKIP=0 TOTAL=2
[0m05:30:18.102428 [debug] [MainThread]: Resource report: {"command_name": "run", "command_success": true, "command_wall_clock_time": 1.646316, "process_user_time": 6.668923, "process_kernel_time": 0.385754, "process_mem_max_rss": "265672", "process_in_blocks": "512", "process_out_blocks": "2840"}
[0m05:30:18.102845 [debug] [MainThread]: Command `dbt run` succeeded at 05:30:18.102765 after 1.65 seconds
[0m05:30:18.103134 [debug] [MainThread]: Sending event: {'category': 'dbt', 'action': 'invocation', 'label': 'end', 'context': [<snowplow_tracker.self_describing_json.SelfDescribingJson object at 0x7fe0d642fe20>, <snowplow_tracker.self_describing_json.SelfDescribingJson object at 0x7fe0d4a9b6d0>, <snowplow_tracker.self_describing_json.SelfDescribingJson object at 0x7fe0cad24190>]}
[0m05:30:18.103407 [debug] [MainThread]: Flushing usage events
[0m20:14:31.052921 [debug] [MainThread]: Sending event: {'category': 'dbt', 'action': 'invocation', 'label': 'start', 'context': [<snowplow_tracker.self_describing_json.SelfDescribingJson object at 0x7f6187d5bdf0>, <snowplow_tracker.self_describing_json.SelfDescribingJson object at 0x7f6185caef50>, <snowplow_tracker.self_describing_json.SelfDescribingJson object at 0x7f6185caeef0>]}


============================== 20:14:31.055902 | 4e6fe929-031d-4aaf-b00e-43eea8f2c275 ==============================
[0m20:14:31.055902 [info ] [MainThread]: Running with dbt=1.8.0
[0m20:14:31.056341 [debug] [MainThread]: running dbt with arguments {'printer_width': '80', 'indirect_selection': 'eager', 'write_json': 'True', 'log_cache_events': 'False', 'partial_parse': 'True', 'cache_selected_only': 'False', 'warn_error': 'None', 'fail_fast': 'False', 'debug': 'False', 'log_path': '/workspace/dbt_project/logs', 'profiles_dir': '.', 'version_check': 'True', 'use_colors': 'True', 'use_experimental_parser': 'False', 'no_print': 'None', 'quiet': 'False', 'warn_error_options': 'WarnErrorOptions(include=[], exclude=[])', 'invocation_command': 'dbt run --profiles-dir . --target dev', 'log_format': 'default', 'static_parser': 'True', 'target_path': 'None', 'introspect': 'True', 'send_anonymous_usage_stats': 'True'}
[0m20:14:31.227557 [debug] [MainThread]: Sending event: {'category': 'dbt', 'action': 'project_id', 'label': '4e6fe929-031d-4aaf-b00e-43eea8f2c275', 'context': [<snowplow_tracker.self_describing_json.SelfDescribingJson object at 0x7f6187c8e8f0>]}
[0m20:14:31.268354 [debug] [MainThread]: Sending event: {'category': 'dbt', 'action': 'adapter_info', 'label': '4e6fe929-031d-4aaf-b00e-43eea8f2c275', 'context': [<snowplow_tracker.self_describing_json.SelfDescribingJson object at 0x7f61863c7340>]}
[0m20:14:31.269503 [info ] [MainThread]: Registered adapter: duckdb=1.8.0
[0m20:14:31.345134 [debug] [MainThread]: checksum: 2a6c64e758918535ccc035b9d143fb4c91b01df5f630e583361ba23a87d2a511, vars: {}, profile: , target: dev, version: 1.8.0
[0m20:14:31.438390 [debug] [MainThread]: Partial parsing enabled: 0 files deleted, 0 files added, 0 files changed.
[0m20:14:31.438879 [debug] [MainThread]: Partial parsing enabled, no changes found, skipping parsing
[0m20:14:31.465135 [debug] [MainThread]: Sending event: {'category': 'dbt', 'action': 'load_project', 'label': '4e6fe929-031d-4aaf-b00e-43eea8f2c275', 'context': [<snowplow_tracker.self_describing_json.SelfDescribingJson object at 0x7f617c73c340>]}
[0m20:14:31.544972 [debug] [MainThread]: Sending event: {'category': 'dbt', 'action': 'resource_counts', 'label': '4e6fe929-031d-4aaf-b00e-43eea8f2c275', 'context': [<snowplow_tracker.self_describing_json.SelfDescribingJson object at 0x7f617c750430>]}
[0m20:14:31.545522 [info ] [MainThread]: Found 2 models, 421 macros
[0m20:14:31.545778 [debug] [MainThread]: Sending event: {'category': 'dbt', 'action': 'runnable_timing', 'label': '4e6fe929-031d-4aaf-b00e-43eea8f2c275', 'context': [<snowplow_tracker.self_describing_json.SelfDescribingJson object at 0x7f6187baa050>]}
[0m20:14:31.547151 [info ] [MainThread]: 
[0m20:14:31.547690 [debug] [MainThread]: Acquiring new duckdb connection 'master'
[0m20:14:31.552670 [debug] [ThreadPool]: Acquiring new duckdb connection 'list_lakehouse'
[0m20:14:31.613616 [debug] [ThreadPool]: Using duckdb connection "list_lakehouse"
[0m20:14:31.613957 [debug] [ThreadPool]: On list_lakehouse: /* {"app": "dbt", "dbt_version": "1.8.0", "profile_name": "lakehouse", "target_name": "dev", "connection_name": "list_lakehouse"} */

    
    select schema_name
    from system.information_schema.schemata
    
    where catalog_name = '"lakehouse"'
    
  
  
[0m20:14:31.614162 [debug] [ThreadPool]: Opening a new connection, currently in state init
[0m20:14:32.186267 [debug] [ThreadPool]: SQL status: OK in 0.572 seconds
[0m20:14:32.187596 [debug] [ThreadPool]: On list_lakehouse: Close
[0m20:14:32.189699 [debug] [ThreadPool]: Re-using an available connection from the pool (formerly list_lakehouse, now create_lakehouse_main)
[0m20:14:32.190239 [debug] [ThreadPool]: Creating schema "database: "lakehouse"
schema: "main"
"
[0m20:14:32.199672 [debug] [ThreadPool]: Using duckdb connection "create_lakehouse_main"
[0m20:14:32.199973 [debug] [ThreadPool]: On create_lakehouse_main: /* {"app": "dbt", "dbt_version": "1.8.0", "profile_name": "lakehouse", "target_name": "dev", "connection_name": "create_lakehouse_main"} */

    
        select type from duckdb_databases()
        where database_name='lakehouse'
        and type='sqlite'
    
  
[0m20:14:32.200195 [debug] [ThreadPool]: Opening a new connection, currently in state closed
[0m20:14:32.281246 [debug] [ThreadPool]: SQL status: OK in 0.081 seconds
[0m20:14:32.282524 [debug] [ThreadPool]: Using duckdb connection "create_lakehouse_main"
[0m20:14:32.282790 [debug] [ThreadPool]: On create_lakehouse_main: BEGIN
[0m20:14:32.283147 [debug] [ThreadPool]: SQL status: OK in 0.000 seconds
[0m20:14:32.283374 [debug] [ThreadPool]: Using duckdb connection "create_lakehouse_main"
[0m20:14:32.283596 [debug] [ThreadPool]: On create_lakehouse_main: /* {"app": "dbt", "dbt_version": "1.8.0", "profile_name": "lakehouse", "target_name": "dev", "connection_name": "create_lakehouse_main"} */

    
    
        create schema if not exists "lakehouse"."main"
    
[0m20:14:32.284112 [debug] [ThreadPool]: SQL status: OK in 0.000 seconds
[0m20:14:32.284758 [debug] [ThreadPool]: On create_lakehouse_main: COMMIT
[0m20:14:32.284997 [debug] [ThreadPool]: Using duckdb connection "create_lakehouse_main"
[0m20:14:32.285199 [debug] [ThreadPool]: On create_lakehouse_main: COMMIT
[0m20:14:32.285526 [debug] [ThreadPool]: SQL status: OK in 0.000 seconds
[0m20:14:32.285762 [debug] [ThreadPool]: On create_lakehouse_main: Close
[0m20:14:32.288344 [debug] [ThreadPool]: Re-using an available connection from the pool (formerly create_lakehouse_main, now list_lakehouse_main)
[0m20:14:32.293017 [debug] [ThreadPool]: Using duckdb connection "list_lakehouse_main"
[0m20:14:32.293287 [debug] [ThreadPool]: On list_lakehouse_main: BEGIN
[0m20:14:32.293504 [debug] [ThreadPool]: Opening a new connection, currently in state closed
[0m20:14:32.364968 [debug] [ThreadPool]: SQL status: OK in 0.071 seconds
[0m20:14:32.365353 [debug] [ThreadPool]: Using duckdb connection "list_lakehouse_main"
[0m20:14:32.365595 [debug] [ThreadPool]: On list_lakehouse_main: /* {"app": "dbt", "dbt_version": "1.8.0", "profile_name": "lakehouse", "target_name": "dev", "connection_name": "list_lakehouse_main"} */
select
      'lakehouse' as database,
      table_name as name,
      table_schema as schema,
      CASE table_type
        WHEN 'BASE TABLE' THEN 'table'
        WHEN 'VIEW' THEN 'view'
        WHEN 'LOCAL TEMPORARY' THEN 'table'
        END as type
    from system.information_schema.tables
    where table_schema = 'main'
    and table_catalog = 'lakehouse'
  
[0m20:14:32.386413 [debug] [ThreadPool]: SQL status: OK in 0.021 seconds
[0m20:14:32.387611 [debug] [ThreadPool]: On list_lakehouse_main: ROLLBACK
[0m20:14:32.388337 [debug] [ThreadPool]: Failed to rollback 'list_lakehouse_main'
[0m20:14:32.388574 [debug] [ThreadPool]: On list_lakehouse_main: Close
[0m20:14:32.391206 [debug] [MainThread]: Sending event: {'category': 'dbt', 'action': 'runnable_timing', 'label': '4e6fe929-031d-4aaf-b00e-43eea8f2c275', 'context': [<snowplow_tracker.self_describing_json.SelfDescribingJson object at 0x7f617c75b670>]}
[0m20:14:32.391612 [debug] [MainThread]: Using duckdb connection "master"
[0m20:14:32.391863 [debug] [MainThread]: On master: BEGIN
[0m20:14:32.392074 [debug] [MainThread]: Opening a new connection, currently in state init
[0m20:14:32.465612 [debug] [MainThread]: SQL status: OK in 0.073 seconds
[0m20:14:32.465998 [debug] [MainThread]: On master: COMMIT
[0m20:14:32.466221 [debug] [MainThread]: Using duckdb connection "master"
[0m20:14:32.466437 [debug] [MainThread]: On master: COMMIT
[0m20:14:32.467016 [debug] [MainThread]: SQL status: OK in 0.000 seconds
[0m20:14:32.467316 [debug] [MainThread]: On master: Close
[0m20:14:32.468941 [info ] [MainThread]: Concurrency: 1 threads (target='dev')
[0m20:14:32.469239 [info ] [MainThread]: 
[0m20:14:32.471438 [debug] [Thread-1 (]: Began running node model.lakehouse.sales_silver
[0m20:14:32.471885 [info ] [Thread-1 (]: 1 of 2 START sql external model main.sales_silver .............................. [RUN]
[0m20:14:32.472304 [debug] [Thread-1 (]: Acquiring new duckdb connection 'model.lakehouse.sales_silver'
[0m20:14:32.472600 [debug] [Thread-1 (]: Began compiling node model.lakehouse.sales_silver
[0m20:14:32.481608 [debug] [Thread-1 (]: Writing injected SQL for node "model.lakehouse.sales_silver"
[0m20:14:32.485520 [debug] [Thread-1 (]: Began executing node model.lakehouse.sales_silver
[0m20:14:32.521817 [debug] [Thread-1 (]: Using duckdb connection "model.lakehouse.sales_silver"
[0m20:14:32.522207 [debug] [Thread-1 (]: On model.lakehouse.sales_silver: BEGIN
[0m20:14:32.522517 [debug] [Thread-1 (]: Opening a new connection, currently in state init
[0m20:14:32.588014 [debug] [Thread-1 (]: SQL status: OK in 0.065 seconds
[0m20:14:32.588406 [debug] [Thread-1 (]: Using duckdb connection "model.lakehouse.sales_silver"
[0m20:14:32.588682 [debug] [Thread-1 (]: On model.lakehouse.sales_silver: /* {"app": "dbt", "dbt_version": "1.8.0", "profile_name": "lakehouse", "target_name": "dev", "node_id": "model.lakehouse.sales_silver"} */

  
    
    

    create  table
      "lakehouse"."main"."sales_silver__dbt_tmp"
  
    as (
      

SELECT
    id,
    customer,
    amount,
    date,
    CURRENT_TIMESTAMP as _processed_at
FROM read_parquet('s3://lakehouse/bronze/sales_raw.parquet')
WHERE amount > 0
    );
  
  
[0m20:14:32.602513 [debug] [Thread-1 (]: SQL status: OK in 0.013 seconds
[0m20:14:32.604774 [debug] [Thread-1 (]: Using duckdb connection "model.lakehouse.sales_silver"
[0m20:14:32.605074 [debug] [Thread-1 (]: On model.lakehouse.sales_silver: /* {"app": "dbt", "dbt_version": "1.8.0", "profile_name": "lakehouse", "target_name": "dev", "node_id": "model.lakehouse.sales_silver"} */
copy "lakehouse"."main"."sales_silver__dbt_tmp" to 's3://lakehouse/silver/sales_silver.parquet' (format parquet)
[0m20:14:32.614923 [debug] [Thread-1 (]: SQL status: OK in 0.009 seconds
[0m20:14:32.616239 [debug] [Thread-1 (]: Writing runtime sql for node "model.lakehouse.sales_silver"
[0m20:14:32.616698 [debug] [Thread-1 (]: Using duckdb connection "model.lakehouse.sales_silver"
[0m20:14:32.616938 [debug] [Thread-1 (]: On model.lakehouse.sales_silver: /* {"app": "dbt", "dbt_version": "1.8.0", "profile_name": "lakehouse", "target_name": "dev", "node_id": "model.lakehouse.sales_silver"} */
create or replace view "lakehouse"."main"."sales_silver__dbt_int" as (
        select * from 's3://lakehouse/silver/sales_silver.parquet'
    );
[0m20:14:32.621507 [debug] [Thread-1 (]: SQL status: OK in 0.004 seconds
[0m20:14:32.627149 [debug] [Thread-1 (]: Using duckdb connection "model.lakehouse.sales_silver"
[0m20:14:32.627494 [debug] [Thread-1 (]: On model.lakehouse.sales_silver: /* {"app": "dbt", "dbt_version": "1.8.0", "profile_name": "lakehouse", "target_name": "dev", "node_id": "model.lakehouse.sales_silver"} */
alter view "lakehouse"."main"."sales_silver" rename to "sales_silver__dbt_backup"
[0m20:14:32.628045 [debug] [Thread-1 (]: SQL status: OK in 0.000 seconds
[0m20:14:32.630305 [debug] [Thread-1 (]: Using duckdb connection "model.lakehouse.sales_silver"
[0m20:14:32.630728 [debug] [Thread-1 (]: On model.lakehouse.sales_silver: /* {"app": "dbt", "dbt_version": "1.8.0", "profile_name": "lakehouse", "target_name": "dev", "node_id": "model.lakehouse.sales_silver"} */
alter view "lakehouse"."main"."sales_silver__dbt_int" rename to "sales_silver"
[0m20:14:32.631478 [debug] [Thread-1 (]: SQL status: OK in 0.000 seconds
[0m20:14:32.652138 [debug] [Thread-1 (]: On model.lakehouse.sales_silver: COMMIT
[0m20:14:32.652497 [debug] [Thread-1 (]: Using duckdb connection "model.lakehouse.sales_silver"
[0m20:14:32.652738 [debug] [Thread-1 (]: On model.lakehouse.sales_silver: COMMIT
[0m20:14:32.654913 [debug] [Thread-1 (]: SQL status: OK in 0.002 seconds
[0m20:14:32.658760 [debug] [Thread-1 (]: Using duckdb connection "model.lakehouse.sales_silver"
[0m20:14:32.659026 [debug] [Thread-1 (]: On model.lakehouse.sales_silver: /* {"app": "dbt", "dbt_version": "1.8.0", "profile_name": "lakehouse", "target_name": "dev", "node_id": "model.lakehouse.sales_silver"} */
drop view if exists "lakehouse"."main"."sales_silver__dbt_backup" cascade
[0m20:14:32.660111 [debug] [Thread-1 (]: SQL status: OK in 0.001 seconds
[0m20:14:32.662254 [debug] [Thread-1 (]: Using duckdb connection "model.lakehouse.sales_silver"
[0m20:14:32.662504 [debug] [Thread-1 (]: On model.lakehouse.sales_silver: /* {"app": "dbt", "dbt_version": "1.8.0", "profile_name": "lakehouse", "target_name": "dev", "node_id": "model.lakehouse.sales_silver"} */
drop table if exists "lakehouse"."main"."sales_silver__dbt_tmp" cascade
[0m20:14:32.663535 [debug] [Thread-1 (]: SQL status: OK in 0.001 seconds
[0m20:14:32.665511 [debug] [Thread-1 (]: On model.lakehouse.sales_silver: Close
[0m20:14:32.670620 [debug] [Thread-1 (]: Sending event: {'category': 'dbt', 'action': 'run_model', 'label': '4e6fe929-031d-4aaf-b00e-43eea8f2c275', 'context': [<snowplow_tracker.self_describing_json.SelfDescribingJson object at 0x7f6188eae3e0>]}
[0m20:14:32.671131 [info ] [Thread-1 (]: 1 of 2 OK created sql external model main.sales_silver ......................... [[32mOK[0m in 0.20s]
[0m20:14:32.671602 [debug] [Thread-1 (]: Finished running node model.lakehouse.sales_silver
[0m20:14:32.672493 [debug] [Thread-1 (]: Began running node model.lakehouse.sales_gold
[0m20:14:32.672840 [info ] [Thread-1 (]: 2 of 2 START sql external model main.sales_gold ................................ [RUN]
[0m20:14:32.673187 [debug] [Thread-1 (]: Re-using an available connection from the pool (formerly model.lakehouse.sales_silver, now model.lakehouse.sales_gold)
[0m20:14:32.673445 [debug] [Thread-1 (]: Began compiling node model.lakehouse.sales_gold
[0m20:14:32.676007 [debug] [Thread-1 (]: Writing injected SQL for node "model.lakehouse.sales_gold"
[0m20:14:32.676429 [debug] [Thread-1 (]: Began executing node model.lakehouse.sales_gold
[0m20:14:32.679315 [debug] [Thread-1 (]: Using duckdb connection "model.lakehouse.sales_gold"
[0m20:14:32.679671 [debug] [Thread-1 (]: On model.lakehouse.sales_gold: BEGIN
[0m20:14:32.680090 [debug] [Thread-1 (]: Opening a new connection, currently in state closed
[0m20:14:32.754111 [debug] [Thread-1 (]: SQL status: OK in 0.074 seconds
[0m20:14:32.754522 [debug] [Thread-1 (]: Using duckdb connection "model.lakehouse.sales_gold"
[0m20:14:32.754789 [debug] [Thread-1 (]: On model.lakehouse.sales_gold: /* {"app": "dbt", "dbt_version": "1.8.0", "profile_name": "lakehouse", "target_name": "dev", "node_id": "model.lakehouse.sales_gold"} */

  
    
    

    create  table
      "lakehouse"."main"."sales_gold__dbt_tmp"
  
    as (
      

SELECT
    date,
    COUNT(id) as total_transactions,
    SUM(amount) as total_sales,
    CURRENT_TIMESTAMP as _processed_at
FROM "lakehouse"."main"."sales_silver"
GROUP BY date
    );
  
  
[0m20:14:32.766998 [debug] [Thread-1 (]: SQL status: OK in 0.012 seconds
[0m20:14:32.768040 [debug] [Thread-1 (]: Using duckdb connection "model.lakehouse.sales_gold"
[0m20:14:32.768324 [debug] [Thread-1 (]: On model.lakehouse.sales_gold: /* {"app": "dbt", "dbt_version": "1.8.0", "profile_name": "lakehouse", "target_name": "dev", "node_id": "model.lakehouse.sales_gold"} */
copy "lakehouse"."main"."sales_gold__dbt_tmp" to 's3://lakehouse/gold/sales_gold.parquet' (format parquet)
[0m20:14:32.776331 [debug] [Thread-1 (]: SQL status: OK in 0.008 seconds
[0m20:14:32.777243 [debug] [Thread-1 (]: Writing runtime sql for node "model.lakehouse.sales_gold"
[0m20:14:32.777684 [debug] [Thread-1 (]: Using duckdb connection "model.lakehouse.sales_gold"
[0m20:14:32.777934 [debug] [Thread-1 (]: On model.lakehouse.sales_gold: /* {"app": "dbt", "dbt_version": "1.8.0", "profile_name": "lakehouse", "target_name": "dev", "node_id": "model.lakehouse.sales_gold"} */
create or replace view "lakehouse"."main"."sales_gold__dbt_int" as (
        select * from 's3://lakehouse/gold/sales_gold.parquet'
    );
[0m20:14:32.782340 [debug] [Thread-1 (]: SQL status: OK in 0.004 seconds
[0m20:14:32.784850 [debug] [Thread-1 (]: Using duckdb connection "model.lakehouse.sales_gold"
[0m20:14:32.785122 [debug] [Thread-1 (]: On model.lakehouse.sales_gold: /* {"app": "dbt", "dbt_version": "1.8.0", "profile_name": "lakehouse", "target_name": "dev", "node_id": "model.lakehouse.sales_gold"} */
alter view "lakehouse"."main"."sales_gold" rename to "sales_gold__dbt_backup"
[0m20:14:32.785633 [debug] [Thread-1 (]: SQL status: OK in 0.000 seconds
[0m20:14:32.788824 [debug] [Thread-1 (]: Using duckdb connection "model.lakehouse.sales_gold"
[0m20:14:32.789083 [debug] [Thread-1 (]: On model.lakehouse.sales_gold: /* {"app": "dbt", "dbt_version": "1.8.0", "profile_name": "lakehouse", "target_name": "dev", "node_id": "model.lakehouse.sales_gold"} */
alter view "lakehouse"."main"."sales_gold__dbt_int" rename to "sales_gold"
[0m20:14:32.789595 [debug] [Thread-1 (]: SQL status: OK in 0.000 seconds
[0m20:14:32.790604 [debug] [Thread-1 (]: On model.lakehouse.sales_gold: COMMIT
[0m20:14:32.790846 [debug] [Thread-1 (]: Using duckdb connection "model.lakehouse.sales_gold"
[0m20:14:32.791065 [debug] [Thread-1 (]: On model.lakehouse.sales_gold: COMMIT
[0m20:14:32.792439 [debug] [Thread-1 (]: SQL status: OK in 0.001 seconds
[0m20:14:32.852627 [debug] [Thread-1 (]: Using duckdb connection "model.lakehouse.sales_gold"
[0m20:14:32.852985 [debug] [Thread-1 (]: On model.lakehouse.sales_gold: /* {"app": "dbt", "dbt_version": "1.8.0", "profile_name": "lakehouse", "target_name": "dev", "node_id": "model.lakehouse.sales_gold"} */
drop view if exists "lakehouse"."main"."sales_gold__dbt_backup" cascade
[0m20:14:32.854536 [debug] [Thread-1 (]: SQL status: OK in 0.001 seconds
[0m20:14:32.856761 [debug] [Thread-1 (]: Using duckdb connection "model.lakehouse.sales_gold"
[0m20:14:32.857013 [debug] [Thread-1 (]: On model.lakehouse.sales_gold: /* {"app": "dbt", "dbt_version": "1.8.0", "profile_name": "lakehouse", "target_name": "dev", "node_id": "model.lakehouse.sales_gold"} */
drop table if exists "lakehouse"."main"."sales_gold__dbt_tmp" cascade
[0m20:14:32.857951 [debug] [Thread-1 (]: SQL status: OK in 0.001 seconds
[0m20:14:32.858968 [debug] [Thread-1 (]: On model.lakehouse.sales_gold: Close
[0m20:14:32.863194 [debug] [Thread-1 (]: Sending event: {'category': 'dbt', 'action': 'run_model', 'label': '4e6fe929-031d-4aaf-b00e-43eea8f2c275', 'context': [<snowplow_tracker.self_describing_json.SelfDescribingJson object at 0x7f61061c4640>]}
[0m20:14:32.863716 [info ] [Thread-1 (]: 2 of 2 OK created sql external model main.sales_gold ........................... [[32mOK[0m in 0.19s]
[0m20:14:32.864151 [debug] [Thread-1 (]: Finished running node model.lakehouse.sales_gold
[0m20:14:32.865084 [debug] [MainThread]: Using duckdb connection "master"
[0m20:14:32.865306 [debug] [MainThread]: On master: BEGIN
[0m20:14:32.865500 [debug] [MainThread]: Opening a new connection, currently in state closed
[0m20:14:32.933837 [debug] [MainThread]: SQL status: OK in 0.068 seconds
[0m20:14:32.934201 [debug] [MainThread]: On master: COMMIT
[0m20:14:32.934421 [debug] [MainThread]: Using duckdb connection "master"
[0m20:14:32.934651 [debug] [MainThread]: On master: COMMIT
[0m20:14:32.934982 [debug] [MainThread]: SQL status: OK in 0.000 seconds
[0m20:14:32.935194 [debug] [MainThread]: On master: Close
[0m20:14:32.936618 [debug] [MainThread]: Connection 'master' was properly closed.
[0m20:14:32.936861 [debug] [MainThread]: Connection 'list_lakehouse_main' was properly closed.
[0m20:14:32.937046 [debug] [MainThread]: Connection 'model.lakehouse.sales_gold' was properly closed.
[0m20:14:32.937328 [info ] [MainThread]: 
[0m20:14:32.937605 [info ] [MainThread]: Finished running 2 external models in 0 hours 0 minutes and 1.39 seconds (1.39s).
[0m20:14:32.938258 [debug] [MainThread]: Command end result
[0m20:14:32.969835 [info ] [MainThread]: 
[0m20:14:32.970238 [info ] [MainThread]: [32mCompleted successfully[0m
[0m20:14:32.970573 [info ] [MainThread]: 
[0m20:14:32.970878 [info ] [MainThread]: Done. PASS=2 WARN=0 ERROR=0 SKIP=0 TOTAL=2
[0m20:14:32.971973 [debug] [MainThread]: Resource report: {"command_name": "run", "command_success": true, "command_wall_clock_time": 1.9696287, "process_user_time": 6.570312, "process_kernel_time": 0.547978, "process_mem_max_rss": "302368", "process_in_blocks": "349832", "process_out_blocks": "2840"}
[0m20:14:32.972393 [debug] [MainThread]: Command `dbt run` succeeded at 20:14:32.972315 after 1.97 seconds
[0m20:14:32.972673 [debug] [MainThread]: Sending event: {'category': 'dbt', 'action': 'invocation', 'label': 'end', 'context': [<snowplow_tracker.self_describing_json.SelfDescribingJson object at 0x7f6187d5bdf0>, <snowplow_tracker.self_describing_json.SelfDescribingJson object at 0x7f61863c7670>, <snowplow_tracker.self_describing_json.SelfDescribingJson object at 0x7f61863c7340>]}
[0m20:14:32.972936 [debug] [MainThread]: Flushing usage events
[0m23:38:01.498492 [debug] [MainThread]: Sending event: {'category': 'dbt', 'action': 'invocation', 'label': 'start', 'context': [<snowplow_tracker.self_describing_json.SelfDescribingJson object at 0x7f2d96423fa0>, <snowplow_tracker.self_describing_json.SelfDescribingJson object at 0x7f2d9438f1c0>, <snowplow_tracker.self_describing_json.SelfDescribingJson object at 0x7f2d9438f160>]}


============================== 23:38:01.504532 | 4a9d9bc4-1a27-4fe3-aed9-8bd2176811d0 ==============================
[0m23:38:01.504532 [info ] [MainThread]: Running with dbt=1.8.0
[0m23:38:01.504910 [debug] [MainThread]: running dbt with arguments {'printer_width': '80', 'indirect_selection': 'eager', 'write_json': 'True', 'log_cache_events': 'False', 'partial_parse': 'True', 'cache_selected_only': 'False', 'profiles_dir': '.', 'debug': 'False', 'fail_fast': 'False', 'log_path': '/workspace/dbt_project/logs', 'warn_error': 'None', 'version_check': 'True', 'use_colors': 'True', 'use_experimental_parser': 'False', 'no_print': 'None', 'quiet': 'False', 'log_format': 'default', 'introspect': 'True', 'static_parser': 'True', 'warn_error_options': 'WarnErrorOptions(include=[], exclude=[])', 'target_path': 'None', 'invocation_command': 'dbt run --profiles-dir . --target dev', 'send_anonymous_usage_stats': 'True'}
[0m23:38:01.680318 [debug] [MainThread]: Sending event: {'category': 'dbt', 'action': 'project_id', 'label': '4a9d9bc4-1a27-4fe3-aed9-8bd2176811d0', 'context': [<snowplow_tracker.self_describing_json.SelfDescribingJson object at 0x7f2d910dc5b0>]}
[0m23:38:01.723569 [debug] [MainThread]: Sending event: {'category': 'dbt', 'action': 'adapter_info', 'label': '4a9d9bc4-1a27-4fe3-aed9-8bd2176811d0', 'context': [<snowplow_tracker.self_describing_json.SelfDescribingJson object at 0x7f2d95123f10>]}
[0m23:38:01.724891 [info ] [MainThread]: Registered adapter: duckdb=1.8.0
[0m23:38:01.790172 [debug] [MainThread]: checksum: 2a6c64e758918535ccc035b9d143fb4c91b01df5f630e583361ba23a87d2a511, vars: {}, profile: , target: dev, version: 1.8.0
[0m23:38:01.875920 [debug] [MainThread]: Partial parsing enabled: 0 files deleted, 0 files added, 0 files changed.
[0m23:38:01.876263 [debug] [MainThread]: Partial parsing enabled, no changes found, skipping parsing
[0m23:38:01.901289 [debug] [MainThread]: Sending event: {'category': 'dbt', 'action': 'load_project', 'label': '4a9d9bc4-1a27-4fe3-aed9-8bd2176811d0', 'context': [<snowplow_tracker.self_describing_json.SelfDescribingJson object at 0x7f2d8ae44640>]}
[0m23:38:01.966419 [debug] [MainThread]: Sending event: {'category': 'dbt', 'action': 'resource_counts', 'label': '4a9d9bc4-1a27-4fe3-aed9-8bd2176811d0', 'context': [<snowplow_tracker.self_describing_json.SelfDescribingJson object at 0x7f2d8ae7db70>]}
[0m23:38:01.966821 [info ] [MainThread]: Found 2 models, 421 macros
[0m23:38:01.967075 [debug] [MainThread]: Sending event: {'category': 'dbt', 'action': 'runnable_timing', 'label': '4a9d9bc4-1a27-4fe3-aed9-8bd2176811d0', 'context': [<snowplow_tracker.self_describing_json.SelfDescribingJson object at 0x7f2d8ae7dc30>]}
[0m23:38:01.968583 [info ] [MainThread]: 
[0m23:38:01.969067 [debug] [MainThread]: Acquiring new duckdb connection 'master'
[0m23:38:01.973333 [debug] [ThreadPool]: Acquiring new duckdb connection 'list_lakehouse'
[0m23:38:02.012663 [debug] [ThreadPool]: Using duckdb connection "list_lakehouse"
[0m23:38:02.013052 [debug] [ThreadPool]: On list_lakehouse: /* {"app": "dbt", "dbt_version": "1.8.0", "profile_name": "lakehouse", "target_name": "dev", "connection_name": "list_lakehouse"} */

    
    select schema_name
    from system.information_schema.schemata
    
    where catalog_name = '"lakehouse"'
    
  
  
[0m23:38:02.013311 [debug] [ThreadPool]: Opening a new connection, currently in state init
[0m23:38:02.430920 [debug] [ThreadPool]: SQL status: OK in 0.418 seconds
[0m23:38:02.432169 [debug] [ThreadPool]: On list_lakehouse: Close
[0m23:38:02.434793 [debug] [ThreadPool]: Re-using an available connection from the pool (formerly list_lakehouse, now create_lakehouse_main)
[0m23:38:02.435374 [debug] [ThreadPool]: Creating schema "database: "lakehouse"
schema: "main"
"
[0m23:38:02.441046 [debug] [ThreadPool]: Using duckdb connection "create_lakehouse_main"
[0m23:38:02.441408 [debug] [ThreadPool]: On create_lakehouse_main: /* {"app": "dbt", "dbt_version": "1.8.0", "profile_name": "lakehouse", "target_name": "dev", "connection_name": "create_lakehouse_main"} */

    
        select type from duckdb_databases()
        where database_name='lakehouse'
        and type='sqlite'
    
  
[0m23:38:02.441648 [debug] [ThreadPool]: Opening a new connection, currently in state closed
[0m23:38:02.508744 [debug] [ThreadPool]: SQL status: OK in 0.067 seconds
[0m23:38:02.510061 [debug] [ThreadPool]: Using duckdb connection "create_lakehouse_main"
[0m23:38:02.510415 [debug] [ThreadPool]: On create_lakehouse_main: BEGIN
[0m23:38:02.510858 [debug] [ThreadPool]: SQL status: OK in 0.000 seconds
[0m23:38:02.511112 [debug] [ThreadPool]: Using duckdb connection "create_lakehouse_main"
[0m23:38:02.511328 [debug] [ThreadPool]: On create_lakehouse_main: /* {"app": "dbt", "dbt_version": "1.8.0", "profile_name": "lakehouse", "target_name": "dev", "connection_name": "create_lakehouse_main"} */

    
    
        create schema if not exists "lakehouse"."main"
    
[0m23:38:02.511824 [debug] [ThreadPool]: SQL status: OK in 0.000 seconds
[0m23:38:02.512472 [debug] [ThreadPool]: On create_lakehouse_main: COMMIT
[0m23:38:02.512689 [debug] [ThreadPool]: Using duckdb connection "create_lakehouse_main"
[0m23:38:02.512878 [debug] [ThreadPool]: On create_lakehouse_main: COMMIT
[0m23:38:02.513177 [debug] [ThreadPool]: SQL status: OK in 0.000 seconds
[0m23:38:02.513394 [debug] [ThreadPool]: On create_lakehouse_main: Close
[0m23:38:02.515916 [debug] [ThreadPool]: Re-using an available connection from the pool (formerly create_lakehouse_main, now list_lakehouse_main)
[0m23:38:02.521592 [debug] [ThreadPool]: Using duckdb connection "list_lakehouse_main"
[0m23:38:02.521881 [debug] [ThreadPool]: On list_lakehouse_main: BEGIN
[0m23:38:02.522077 [debug] [ThreadPool]: Opening a new connection, currently in state closed
[0m23:38:02.588023 [debug] [ThreadPool]: SQL status: OK in 0.066 seconds
[0m23:38:02.588437 [debug] [ThreadPool]: Using duckdb connection "list_lakehouse_main"
[0m23:38:02.588700 [debug] [ThreadPool]: On list_lakehouse_main: /* {"app": "dbt", "dbt_version": "1.8.0", "profile_name": "lakehouse", "target_name": "dev", "connection_name": "list_lakehouse_main"} */
select
      'lakehouse' as database,
      table_name as name,
      table_schema as schema,
      CASE table_type
        WHEN 'BASE TABLE' THEN 'table'
        WHEN 'VIEW' THEN 'view'
        WHEN 'LOCAL TEMPORARY' THEN 'table'
        END as type
    from system.information_schema.tables
    where table_schema = 'main'
    and table_catalog = 'lakehouse'
  
[0m23:38:02.612350 [debug] [ThreadPool]: SQL status: OK in 0.023 seconds
[0m23:38:02.613881 [debug] [ThreadPool]: On list_lakehouse_main: ROLLBACK
[0m23:38:02.614813 [debug] [ThreadPool]: Failed to rollback 'list_lakehouse_main'
[0m23:38:02.615241 [debug] [ThreadPool]: On list_lakehouse_main: Close
[0m23:38:02.618710 [debug] [MainThread]: Sending event: {'category': 'dbt', 'action': 'runnable_timing', 'label': '4a9d9bc4-1a27-4fe3-aed9-8bd2176811d0', 'context': [<snowplow_tracker.self_describing_json.SelfDescribingJson object at 0x7f2d965135b0>]}
[0m23:38:02.619181 [debug] [MainThread]: Using duckdb connection "master"
[0m23:38:02.619420 [debug] [MainThread]: On master: BEGIN
[0m23:38:02.619620 [debug] [MainThread]: Opening a new connection, currently in state init
[0m23:38:02.692785 [debug] [MainThread]: SQL status: OK in 0.073 seconds
[0m23:38:02.693269 [debug] [MainThread]: On master: COMMIT
[0m23:38:02.693543 [debug] [MainThread]: Using duckdb connection "master"
[0m23:38:02.693773 [debug] [MainThread]: On master: COMMIT
[0m23:38:02.694131 [debug] [MainThread]: SQL status: OK in 0.000 seconds
[0m23:38:02.694383 [debug] [MainThread]: On master: Close
[0m23:38:02.696219 [info ] [MainThread]: Concurrency: 1 threads (target='dev')
[0m23:38:02.696553 [info ] [MainThread]: 
[0m23:38:02.699046 [debug] [Thread-1 (]: Began running node model.lakehouse.sales_silver
[0m23:38:02.699684 [info ] [Thread-1 (]: 1 of 2 START sql external model main.sales_silver .............................. [RUN]
[0m23:38:02.700417 [debug] [Thread-1 (]: Acquiring new duckdb connection 'model.lakehouse.sales_silver'
[0m23:38:02.700870 [debug] [Thread-1 (]: Began compiling node model.lakehouse.sales_silver
[0m23:38:02.711285 [debug] [Thread-1 (]: Writing injected SQL for node "model.lakehouse.sales_silver"
[0m23:38:02.712240 [debug] [Thread-1 (]: Began executing node model.lakehouse.sales_silver
[0m23:38:02.754291 [debug] [Thread-1 (]: Using duckdb connection "model.lakehouse.sales_silver"
[0m23:38:02.754867 [debug] [Thread-1 (]: On model.lakehouse.sales_silver: BEGIN
[0m23:38:02.755166 [debug] [Thread-1 (]: Opening a new connection, currently in state init
[0m23:38:02.866528 [debug] [Thread-1 (]: SQL status: OK in 0.111 seconds
[0m23:38:02.867001 [debug] [Thread-1 (]: Using duckdb connection "model.lakehouse.sales_silver"
[0m23:38:02.867360 [debug] [Thread-1 (]: On model.lakehouse.sales_silver: /* {"app": "dbt", "dbt_version": "1.8.0", "profile_name": "lakehouse", "target_name": "dev", "node_id": "model.lakehouse.sales_silver"} */

  
    
    

    create  table
      "lakehouse"."main"."sales_silver__dbt_tmp"
  
    as (
      

SELECT
    id,
    customer,
    amount,
    date,
    CURRENT_TIMESTAMP as _processed_at
FROM read_parquet('s3://lakehouse/bronze/sales_raw.parquet')
WHERE amount > 0
    );
  
  
[0m23:38:02.893575 [debug] [Thread-1 (]: SQL status: OK in 0.026 seconds
[0m23:38:02.896582 [debug] [Thread-1 (]: Using duckdb connection "model.lakehouse.sales_silver"
[0m23:38:02.896964 [debug] [Thread-1 (]: On model.lakehouse.sales_silver: /* {"app": "dbt", "dbt_version": "1.8.0", "profile_name": "lakehouse", "target_name": "dev", "node_id": "model.lakehouse.sales_silver"} */
copy "lakehouse"."main"."sales_silver__dbt_tmp" to 's3://lakehouse/silver/sales_silver.parquet' (format parquet)
[0m23:38:02.906721 [debug] [Thread-1 (]: SQL status: OK in 0.009 seconds
[0m23:38:02.908242 [debug] [Thread-1 (]: Writing runtime sql for node "model.lakehouse.sales_silver"
[0m23:38:02.908754 [debug] [Thread-1 (]: Using duckdb connection "model.lakehouse.sales_silver"
[0m23:38:02.909026 [debug] [Thread-1 (]: On model.lakehouse.sales_silver: /* {"app": "dbt", "dbt_version": "1.8.0", "profile_name": "lakehouse", "target_name": "dev", "node_id": "model.lakehouse.sales_silver"} */
create or replace view "lakehouse"."main"."sales_silver__dbt_int" as (
        select * from 's3://lakehouse/silver/sales_silver.parquet'
    );
[0m23:38:02.914096 [debug] [Thread-1 (]: SQL status: OK in 0.005 seconds
[0m23:38:02.919595 [debug] [Thread-1 (]: Using duckdb connection "model.lakehouse.sales_silver"
[0m23:38:02.919911 [debug] [Thread-1 (]: On model.lakehouse.sales_silver: /* {"app": "dbt", "dbt_version": "1.8.0", "profile_name": "lakehouse", "target_name": "dev", "node_id": "model.lakehouse.sales_silver"} */
alter view "lakehouse"."main"."sales_silver" rename to "sales_silver__dbt_backup"
[0m23:38:02.920810 [debug] [Thread-1 (]: SQL status: OK in 0.001 seconds
[0m23:38:02.923971 [debug] [Thread-1 (]: Using duckdb connection "model.lakehouse.sales_silver"
[0m23:38:02.924271 [debug] [Thread-1 (]: On model.lakehouse.sales_silver: /* {"app": "dbt", "dbt_version": "1.8.0", "profile_name": "lakehouse", "target_name": "dev", "node_id": "model.lakehouse.sales_silver"} */
alter view "lakehouse"."main"."sales_silver__dbt_int" rename to "sales_silver"
[0m23:38:02.924790 [debug] [Thread-1 (]: SQL status: OK in 0.000 seconds
[0m23:38:02.937907 [debug] [Thread-1 (]: On model.lakehouse.sales_silver: COMMIT
[0m23:38:02.938263 [debug] [Thread-1 (]: Using duckdb connection "model.lakehouse.sales_silver"
[0m23:38:02.938521 [debug] [Thread-1 (]: On model.lakehouse.sales_silver: COMMIT
[0m23:38:02.940384 [debug] [Thread-1 (]: SQL status: OK in 0.002 seconds
[0m23:38:02.944855 [debug] [Thread-1 (]: Using duckdb connection "model.lakehouse.sales_silver"
[0m23:38:02.945183 [debug] [Thread-1 (]: On model.lakehouse.sales_silver: /* {"app": "dbt", "dbt_version": "1.8.0", "profile_name": "lakehouse", "target_name": "dev", "node_id": "model.lakehouse.sales_silver"} */
drop view if exists "lakehouse"."main"."sales_silver__dbt_backup" cascade
[0m23:38:02.946214 [debug] [Thread-1 (]: SQL status: OK in 0.001 seconds
[0m23:38:02.948720 [debug] [Thread-1 (]: Using duckdb connection "model.lakehouse.sales_silver"
[0m23:38:02.949056 [debug] [Thread-1 (]: On model.lakehouse.sales_silver: /* {"app": "dbt", "dbt_version": "1.8.0", "profile_name": "lakehouse", "target_name": "dev", "node_id": "model.lakehouse.sales_silver"} */
drop table if exists "lakehouse"."main"."sales_silver__dbt_tmp" cascade
[0m23:38:02.950196 [debug] [Thread-1 (]: SQL status: OK in 0.001 seconds
[0m23:38:02.952327 [debug] [Thread-1 (]: On model.lakehouse.sales_silver: Close
[0m23:38:02.957793 [debug] [Thread-1 (]: Sending event: {'category': 'dbt', 'action': 'run_model', 'label': '4a9d9bc4-1a27-4fe3-aed9-8bd2176811d0', 'context': [<snowplow_tracker.self_describing_json.SelfDescribingJson object at 0x7f2d964206d0>]}
[0m23:38:02.958359 [info ] [Thread-1 (]: 1 of 2 OK created sql external model main.sales_silver ......................... [[32mOK[0m in 0.26s]
[0m23:38:02.958818 [debug] [Thread-1 (]: Finished running node model.lakehouse.sales_silver
[0m23:38:02.959510 [debug] [Thread-1 (]: Began running node model.lakehouse.sales_gold
[0m23:38:02.959905 [info ] [Thread-1 (]: 2 of 2 START sql external model main.sales_gold ................................ [RUN]
[0m23:38:02.960254 [debug] [Thread-1 (]: Re-using an available connection from the pool (formerly model.lakehouse.sales_silver, now model.lakehouse.sales_gold)
[0m23:38:02.960502 [debug] [Thread-1 (]: Began compiling node model.lakehouse.sales_gold
[0m23:38:02.963594 [debug] [Thread-1 (]: Writing injected SQL for node "model.lakehouse.sales_gold"
[0m23:38:02.964082 [debug] [Thread-1 (]: Began executing node model.lakehouse.sales_gold
[0m23:38:02.967018 [debug] [Thread-1 (]: Using duckdb connection "model.lakehouse.sales_gold"
[0m23:38:02.967285 [debug] [Thread-1 (]: On model.lakehouse.sales_gold: BEGIN
[0m23:38:02.967504 [debug] [Thread-1 (]: Opening a new connection, currently in state closed
[0m23:38:03.039273 [debug] [Thread-1 (]: SQL status: OK in 0.072 seconds
[0m23:38:03.039888 [debug] [Thread-1 (]: Using duckdb connection "model.lakehouse.sales_gold"
[0m23:38:03.040365 [debug] [Thread-1 (]: On model.lakehouse.sales_gold: /* {"app": "dbt", "dbt_version": "1.8.0", "profile_name": "lakehouse", "target_name": "dev", "node_id": "model.lakehouse.sales_gold"} */

  
    
    

    create  table
      "lakehouse"."main"."sales_gold__dbt_tmp"
  
    as (
      

SELECT
    date,
    COUNT(id) as total_transactions,
    SUM(amount) as total_sales,
    CURRENT_TIMESTAMP as _processed_at
FROM "lakehouse"."main"."sales_silver"
GROUP BY date
    );
  
  
[0m23:38:03.050888 [debug] [Thread-1 (]: SQL status: OK in 0.010 seconds
[0m23:38:03.051939 [debug] [Thread-1 (]: Using duckdb connection "model.lakehouse.sales_gold"
[0m23:38:03.052265 [debug] [Thread-1 (]: On model.lakehouse.sales_gold: /* {"app": "dbt", "dbt_version": "1.8.0", "profile_name": "lakehouse", "target_name": "dev", "node_id": "model.lakehouse.sales_gold"} */
copy "lakehouse"."main"."sales_gold__dbt_tmp" to 's3://lakehouse/gold/sales_gold.parquet' (format parquet)
[0m23:38:03.060003 [debug] [Thread-1 (]: SQL status: OK in 0.007 seconds
[0m23:38:03.061191 [debug] [Thread-1 (]: Writing runtime sql for node "model.lakehouse.sales_gold"
[0m23:38:03.061680 [debug] [Thread-1 (]: Using duckdb connection "model.lakehouse.sales_gold"
[0m23:38:03.061939 [debug] [Thread-1 (]: On model.lakehouse.sales_gold: /* {"app": "dbt", "dbt_version": "1.8.0", "profile_name": "lakehouse", "target_name": "dev", "node_id": "model.lakehouse.sales_gold"} */
create or replace view "lakehouse"."main"."sales_gold__dbt_int" as (
        select * from 's3://lakehouse/gold/sales_gold.parquet'
    );
[0m23:38:03.065930 [debug] [Thread-1 (]: SQL status: OK in 0.004 seconds
[0m23:38:03.069033 [debug] [Thread-1 (]: Using duckdb connection "model.lakehouse.sales_gold"
[0m23:38:03.069346 [debug] [Thread-1 (]: On model.lakehouse.sales_gold: /* {"app": "dbt", "dbt_version": "1.8.0", "profile_name": "lakehouse", "target_name": "dev", "node_id": "model.lakehouse.sales_gold"} */
alter view "lakehouse"."main"."sales_gold" rename to "sales_gold__dbt_backup"
[0m23:38:03.069976 [debug] [Thread-1 (]: SQL status: OK in 0.000 seconds
[0m23:38:03.072121 [debug] [Thread-1 (]: Using duckdb connection "model.lakehouse.sales_gold"
[0m23:38:03.072398 [debug] [Thread-1 (]: On model.lakehouse.sales_gold: /* {"app": "dbt", "dbt_version": "1.8.0", "profile_name": "lakehouse", "target_name": "dev", "node_id": "model.lakehouse.sales_gold"} */
alter view "lakehouse"."main"."sales_gold__dbt_int" rename to "sales_gold"
[0m23:38:03.072852 [debug] [Thread-1 (]: SQL status: OK in 0.000 seconds
[0m23:38:03.074393 [debug] [Thread-1 (]: On model.lakehouse.sales_gold: COMMIT
[0m23:38:03.074733 [debug] [Thread-1 (]: Using duckdb connection "model.lakehouse.sales_gold"
[0m23:38:03.074968 [debug] [Thread-1 (]: On model.lakehouse.sales_gold: COMMIT
[0m23:38:03.076330 [debug] [Thread-1 (]: SQL status: OK in 0.001 seconds
[0m23:38:03.144440 [debug] [Thread-1 (]: Using duckdb connection "model.lakehouse.sales_gold"
[0m23:38:03.144841 [debug] [Thread-1 (]: On model.lakehouse.sales_gold: /* {"app": "dbt", "dbt_version": "1.8.0", "profile_name": "lakehouse", "target_name": "dev", "node_id": "model.lakehouse.sales_gold"} */
drop view if exists "lakehouse"."main"."sales_gold__dbt_backup" cascade
[0m23:38:03.146194 [debug] [Thread-1 (]: SQL status: OK in 0.001 seconds
[0m23:38:03.148585 [debug] [Thread-1 (]: Using duckdb connection "model.lakehouse.sales_gold"
[0m23:38:03.148856 [debug] [Thread-1 (]: On model.lakehouse.sales_gold: /* {"app": "dbt", "dbt_version": "1.8.0", "profile_name": "lakehouse", "target_name": "dev", "node_id": "model.lakehouse.sales_gold"} */
drop table if exists "lakehouse"."main"."sales_gold__dbt_tmp" cascade
[0m23:38:03.150007 [debug] [Thread-1 (]: SQL status: OK in 0.001 seconds
[0m23:38:03.151313 [debug] [Thread-1 (]: On model.lakehouse.sales_gold: Close
[0m23:38:03.155839 [debug] [Thread-1 (]: Sending event: {'category': 'dbt', 'action': 'run_model', 'label': '4a9d9bc4-1a27-4fe3-aed9-8bd2176811d0', 'context': [<snowplow_tracker.self_describing_json.SelfDescribingJson object at 0x7f2d8ae10100>]}
[0m23:38:03.156381 [info ] [Thread-1 (]: 2 of 2 OK created sql external model main.sales_gold ........................... [[32mOK[0m in 0.20s]
[0m23:38:03.157111 [debug] [Thread-1 (]: Finished running node model.lakehouse.sales_gold
[0m23:38:03.158247 [debug] [MainThread]: Using duckdb connection "master"
[0m23:38:03.158507 [debug] [MainThread]: On master: BEGIN
[0m23:38:03.158715 [debug] [MainThread]: Opening a new connection, currently in state closed
[0m23:38:03.226659 [debug] [MainThread]: SQL status: OK in 0.068 seconds
[0m23:38:03.227151 [debug] [MainThread]: On master: COMMIT
[0m23:38:03.227441 [debug] [MainThread]: Using duckdb connection "master"
[0m23:38:03.227669 [debug] [MainThread]: On master: COMMIT
[0m23:38:03.228055 [debug] [MainThread]: SQL status: OK in 0.000 seconds
[0m23:38:03.228309 [debug] [MainThread]: On master: Close
[0m23:38:03.229892 [debug] [MainThread]: Connection 'master' was properly closed.
[0m23:38:03.230152 [debug] [MainThread]: Connection 'list_lakehouse_main' was properly closed.
[0m23:38:03.230355 [debug] [MainThread]: Connection 'model.lakehouse.sales_gold' was properly closed.
[0m23:38:03.230646 [info ] [MainThread]: 
[0m23:38:03.230896 [info ] [MainThread]: Finished running 2 external models in 0 hours 0 minutes and 1.26 seconds (1.26s).
[0m23:38:03.231515 [debug] [MainThread]: Command end result
[0m23:38:03.253818 [info ] [MainThread]: 
[0m23:38:03.254586 [info ] [MainThread]: [32mCompleted successfully[0m
[0m23:38:03.255091 [info ] [MainThread]: 
[0m23:38:03.255497 [info ] [MainThread]: Done. PASS=2 WARN=0 ERROR=0 SKIP=0 TOTAL=2
[0m23:38:03.256612 [debug] [MainThread]: Resource report: {"command_name": "run", "command_success": true, "command_wall_clock_time": 1.7979926, "process_user_time": 6.399412, "process_kernel_time": 0.550753, "process_mem_max_rss": "315376", "process_in_blocks": "207376", "process_out_blocks": "4656"}
[0m23:38:03.257089 [debug] [MainThread]: Command `dbt run` succeeded at 23:38:03.257005 after 1.80 seconds
[0m23:38:03.257372 [debug] [MainThread]: Sending event: {'category': 'dbt', 'action': 'invocation', 'label': 'end', 'context': [<snowplow_tracker.self_describing_json.SelfDescribingJson object at 0x7f2d96423fa0>, <snowplow_tracker.self_describing_json.SelfDescribingJson object at 0x7f2d95123f10>, <snowplow_tracker.self_describing_json.SelfDescribingJson object at 0x7f2d94acbb20>]}
[0m23:38:03.257641 [debug] [MainThread]: Flushing usage events
[0m23:44:28.360883 [debug] [MainThread]: Sending event: {'category': 'dbt', 'action': 'invocation', 'label': 'start', 'context': [<snowplow_tracker.self_describing_json.SelfDescribingJson object at 0x7fd1408bfd90>, <snowplow_tracker.self_describing_json.SelfDescribingJson object at 0x7fd13e81eec0>, <snowplow_tracker.self_describing_json.SelfDescribingJson object at 0x7fd13e81ee60>]}


============================== 23:44:28.362835 | cddf0abb-d9ad-490b-a36b-f5571301334c ==============================
[0m23:44:28.362835 [info ] [MainThread]: Running with dbt=1.8.0
[0m23:44:28.363198 [debug] [MainThread]: running dbt with arguments {'printer_width': '80', 'indirect_selection': 'eager', 'log_cache_events': 'False', 'write_json': 'True', 'partial_parse': 'True', 'cache_selected_only': 'False', 'profiles_dir': '.', 'debug': 'False', 'fail_fast': 'False', 'log_path': '/workspace/dbt_project/logs', 'warn_error': 'None', 'version_check': 'True', 'use_colors': 'True', 'use_experimental_parser': 'False', 'no_print': 'None', 'quiet': 'False', 'warn_error_options': 'WarnErrorOptions(include=[], exclude=[])', 'invocation_command': 'dbt run -m sales_silver_test --profiles-dir . --target dev', 'log_format': 'default', 'static_parser': 'True', 'target_path': 'None', 'introspect': 'True', 'send_anonymous_usage_stats': 'True'}
[0m23:44:28.514906 [debug] [MainThread]: Sending event: {'category': 'dbt', 'action': 'project_id', 'label': 'cddf0abb-d9ad-490b-a36b-f5571301334c', 'context': [<snowplow_tracker.self_describing_json.SelfDescribingJson object at 0x7fd13571a020>]}
[0m23:44:28.557133 [debug] [MainThread]: Sending event: {'category': 'dbt', 'action': 'adapter_info', 'label': 'cddf0abb-d9ad-490b-a36b-f5571301334c', 'context': [<snowplow_tracker.self_describing_json.SelfDescribingJson object at 0x7fd13e9bb1c0>]}
[0m23:44:28.557770 [info ] [MainThread]: Registered adapter: duckdb=1.8.0
[0m23:44:28.620493 [debug] [MainThread]: checksum: 2a6c64e758918535ccc035b9d143fb4c91b01df5f630e583361ba23a87d2a511, vars: {}, profile: , target: dev, version: 1.8.0
[0m23:44:28.691351 [debug] [MainThread]: Partial parsing enabled: 0 files deleted, 1 files added, 0 files changed.
[0m23:44:28.691884 [debug] [MainThread]: Partial parsing: added file: lakehouse://models/silver/sales_silver_test.sql
[0m23:44:28.865223 [debug] [MainThread]: Sending event: {'category': 'dbt', 'action': 'load_project', 'label': 'cddf0abb-d9ad-490b-a36b-f5571301334c', 'context': [<snowplow_tracker.self_describing_json.SelfDescribingJson object at 0x7fd1352a2860>]}
[0m23:44:28.921853 [debug] [MainThread]: Sending event: {'category': 'dbt', 'action': 'resource_counts', 'label': 'cddf0abb-d9ad-490b-a36b-f5571301334c', 'context': [<snowplow_tracker.self_describing_json.SelfDescribingJson object at 0x7fd1352a3010>]}
[0m23:44:28.922279 [info ] [MainThread]: Found 3 models, 421 macros
[0m23:44:28.922514 [debug] [MainThread]: Sending event: {'category': 'dbt', 'action': 'runnable_timing', 'label': 'cddf0abb-d9ad-490b-a36b-f5571301334c', 'context': [<snowplow_tracker.self_describing_json.SelfDescribingJson object at 0x7fd1352a3040>]}
[0m23:44:28.923505 [info ] [MainThread]: 
[0m23:44:28.923919 [debug] [MainThread]: Acquiring new duckdb connection 'master'
[0m23:44:28.924801 [debug] [ThreadPool]: Acquiring new duckdb connection 'list_lakehouse'
[0m23:44:29.009854 [debug] [ThreadPool]: Using duckdb connection "list_lakehouse"
[0m23:44:29.010245 [debug] [ThreadPool]: On list_lakehouse: /* {"app": "dbt", "dbt_version": "1.8.0", "profile_name": "lakehouse", "target_name": "dev", "connection_name": "list_lakehouse"} */

    
    select schema_name
    from system.information_schema.schemata
    
    where catalog_name = '"lakehouse"'
    
  
  
[0m23:44:29.010477 [debug] [ThreadPool]: Opening a new connection, currently in state init
[0m23:44:29.336929 [debug] [ThreadPool]: SQL status: OK in 0.326 seconds
[0m23:44:29.338726 [debug] [ThreadPool]: On list_lakehouse: Close
[0m23:44:29.340965 [debug] [ThreadPool]: Re-using an available connection from the pool (formerly list_lakehouse, now create_lakehouse_main)
[0m23:44:29.341406 [debug] [ThreadPool]: Creating schema "database: "lakehouse"
schema: "main"
"
[0m23:44:29.347375 [debug] [ThreadPool]: Using duckdb connection "create_lakehouse_main"
[0m23:44:29.347681 [debug] [ThreadPool]: On create_lakehouse_main: /* {"app": "dbt", "dbt_version": "1.8.0", "profile_name": "lakehouse", "target_name": "dev", "connection_name": "create_lakehouse_main"} */

    
        select type from duckdb_databases()
        where database_name='lakehouse'
        and type='sqlite'
    
  
[0m23:44:29.347891 [debug] [ThreadPool]: Opening a new connection, currently in state closed
[0m23:44:29.412694 [debug] [ThreadPool]: SQL status: OK in 0.065 seconds
[0m23:44:29.414051 [debug] [ThreadPool]: Using duckdb connection "create_lakehouse_main"
[0m23:44:29.414545 [debug] [ThreadPool]: On create_lakehouse_main: BEGIN
[0m23:44:29.415066 [debug] [ThreadPool]: SQL status: OK in 0.000 seconds
[0m23:44:29.415377 [debug] [ThreadPool]: Using duckdb connection "create_lakehouse_main"
[0m23:44:29.415650 [debug] [ThreadPool]: On create_lakehouse_main: /* {"app": "dbt", "dbt_version": "1.8.0", "profile_name": "lakehouse", "target_name": "dev", "connection_name": "create_lakehouse_main"} */

    
    
        create schema if not exists "lakehouse"."main"
    
[0m23:44:29.416223 [debug] [ThreadPool]: SQL status: OK in 0.000 seconds
[0m23:44:29.416936 [debug] [ThreadPool]: On create_lakehouse_main: COMMIT
[0m23:44:29.417187 [debug] [ThreadPool]: Using duckdb connection "create_lakehouse_main"
[0m23:44:29.417389 [debug] [ThreadPool]: On create_lakehouse_main: COMMIT
[0m23:44:29.417728 [debug] [ThreadPool]: SQL status: OK in 0.000 seconds
[0m23:44:29.417966 [debug] [ThreadPool]: On create_lakehouse_main: Close
[0m23:44:29.425474 [debug] [ThreadPool]: Re-using an available connection from the pool (formerly create_lakehouse_main, now list_lakehouse_main)
[0m23:44:29.430764 [debug] [ThreadPool]: Using duckdb connection "list_lakehouse_main"
[0m23:44:29.431065 [debug] [ThreadPool]: On list_lakehouse_main: BEGIN
[0m23:44:29.431282 [debug] [ThreadPool]: Opening a new connection, currently in state closed
[0m23:44:29.503712 [debug] [ThreadPool]: SQL status: OK in 0.072 seconds
[0m23:44:29.504094 [debug] [ThreadPool]: Using duckdb connection "list_lakehouse_main"
[0m23:44:29.504348 [debug] [ThreadPool]: On list_lakehouse_main: /* {"app": "dbt", "dbt_version": "1.8.0", "profile_name": "lakehouse", "target_name": "dev", "connection_name": "list_lakehouse_main"} */
select
      'lakehouse' as database,
      table_name as name,
      table_schema as schema,
      CASE table_type
        WHEN 'BASE TABLE' THEN 'table'
        WHEN 'VIEW' THEN 'view'
        WHEN 'LOCAL TEMPORARY' THEN 'table'
        END as type
    from system.information_schema.tables
    where table_schema = 'main'
    and table_catalog = 'lakehouse'
  
[0m23:44:29.524289 [debug] [ThreadPool]: SQL status: OK in 0.020 seconds
[0m23:44:29.525572 [debug] [ThreadPool]: On list_lakehouse_main: ROLLBACK
[0m23:44:29.526198 [debug] [ThreadPool]: Failed to rollback 'list_lakehouse_main'
[0m23:44:29.526462 [debug] [ThreadPool]: On list_lakehouse_main: Close
[0m23:44:29.529109 [debug] [MainThread]: Sending event: {'category': 'dbt', 'action': 'runnable_timing', 'label': 'cddf0abb-d9ad-490b-a36b-f5571301334c', 'context': [<snowplow_tracker.self_describing_json.SelfDescribingJson object at 0x7fd13e7c06a0>]}
[0m23:44:29.529481 [debug] [MainThread]: Using duckdb connection "master"
[0m23:44:29.529694 [debug] [MainThread]: On master: BEGIN
[0m23:44:29.529887 [debug] [MainThread]: Opening a new connection, currently in state init
[0m23:44:29.601440 [debug] [MainThread]: SQL status: OK in 0.071 seconds
[0m23:44:29.601838 [debug] [MainThread]: On master: COMMIT
[0m23:44:29.602225 [debug] [MainThread]: Using duckdb connection "master"
[0m23:44:29.602546 [debug] [MainThread]: On master: COMMIT
[0m23:44:29.603101 [debug] [MainThread]: SQL status: OK in 0.000 seconds
[0m23:44:29.603419 [debug] [MainThread]: On master: Close
[0m23:44:29.605186 [info ] [MainThread]: Concurrency: 1 threads (target='dev')
[0m23:44:29.605488 [info ] [MainThread]: 
[0m23:44:29.607051 [debug] [Thread-1 (]: Began running node model.lakehouse.sales_silver_test
[0m23:44:29.607485 [info ] [Thread-1 (]: 1 of 1 START sql external model main.sales_silver_test ......................... [RUN]
[0m23:44:29.607898 [debug] [Thread-1 (]: Acquiring new duckdb connection 'model.lakehouse.sales_silver_test'
[0m23:44:29.608148 [debug] [Thread-1 (]: Began compiling node model.lakehouse.sales_silver_test
[0m23:44:29.615048 [debug] [Thread-1 (]: Writing injected SQL for node "model.lakehouse.sales_silver_test"
[0m23:44:29.615615 [debug] [Thread-1 (]: Began executing node model.lakehouse.sales_silver_test
[0m23:44:29.723230 [debug] [Thread-1 (]: Using duckdb connection "model.lakehouse.sales_silver_test"
[0m23:44:29.723621 [debug] [Thread-1 (]: On model.lakehouse.sales_silver_test: BEGIN
[0m23:44:29.723872 [debug] [Thread-1 (]: Opening a new connection, currently in state init
[0m23:44:29.794285 [debug] [Thread-1 (]: SQL status: OK in 0.070 seconds
[0m23:44:29.794735 [debug] [Thread-1 (]: Using duckdb connection "model.lakehouse.sales_silver_test"
[0m23:44:29.795044 [debug] [Thread-1 (]: On model.lakehouse.sales_silver_test: /* {"app": "dbt", "dbt_version": "1.8.0", "profile_name": "lakehouse", "target_name": "dev", "node_id": "model.lakehouse.sales_silver_test"} */

  
    
    

    create  table
      "lakehouse"."main"."sales_silver_test__dbt_tmp"
  
    as (
      
SELECT 1 as dummy
    );
  
  
[0m23:44:29.795805 [debug] [Thread-1 (]: SQL status: OK in 0.000 seconds
[0m23:44:29.798459 [debug] [Thread-1 (]: Using duckdb connection "model.lakehouse.sales_silver_test"
[0m23:44:29.798806 [debug] [Thread-1 (]: On model.lakehouse.sales_silver_test: /* {"app": "dbt", "dbt_version": "1.8.0", "profile_name": "lakehouse", "target_name": "dev", "node_id": "model.lakehouse.sales_silver_test"} */
copy "lakehouse"."main"."sales_silver_test__dbt_tmp" to 's3://lakehouse/silver/sales_silver_delta' (format delta)
[0m23:44:29.804204 [debug] [Thread-1 (]: DuckDB adapter: Error running SQL: /* {"app": "dbt", "dbt_version": "1.8.0", "profile_name": "lakehouse", "target_name": "dev", "node_id": "model.lakehouse.sales_silver_test"} */
copy "lakehouse"."main"."sales_silver_test__dbt_tmp" to 's3://lakehouse/silver/sales_silver_delta' (format delta)
[0m23:44:29.804533 [debug] [Thread-1 (]: DuckDB adapter: Rolling back transaction.
[0m23:44:29.804926 [debug] [Thread-1 (]: On model.lakehouse.sales_silver_test: ROLLBACK
[0m23:44:29.807668 [debug] [Thread-1 (]: Failed to rollback 'model.lakehouse.sales_silver_test'
[0m23:44:29.807935 [debug] [Thread-1 (]: On model.lakehouse.sales_silver_test: Close
[0m23:44:29.809881 [debug] [Thread-1 (]: Runtime Error in model sales_silver_test (models/silver/sales_silver_test.sql)
  Catalog Error: Copy Function with name delta does not exist!
  Did you mean "csv"?
[0m23:44:29.811384 [debug] [Thread-1 (]: Sending event: {'category': 'dbt', 'action': 'run_model', 'label': 'cddf0abb-d9ad-490b-a36b-f5571301334c', 'context': [<snowplow_tracker.self_describing_json.SelfDescribingJson object at 0x7fd08d40b4f0>]}
[0m23:44:29.812041 [error] [Thread-1 (]: 1 of 1 ERROR creating sql external model main.sales_silver_test ................ [[31mERROR[0m in 0.20s]
[0m23:44:29.812760 [debug] [Thread-1 (]: Finished running node model.lakehouse.sales_silver_test
[0m23:44:29.814266 [debug] [MainThread]: Using duckdb connection "master"
[0m23:44:29.814564 [debug] [MainThread]: On master: BEGIN
[0m23:44:29.814770 [debug] [MainThread]: Opening a new connection, currently in state closed
[0m23:44:29.886695 [debug] [MainThread]: SQL status: OK in 0.072 seconds
[0m23:44:29.887134 [debug] [MainThread]: On master: COMMIT
[0m23:44:29.887528 [debug] [MainThread]: Using duckdb connection "master"
[0m23:44:29.887783 [debug] [MainThread]: On master: COMMIT
[0m23:44:29.888260 [debug] [MainThread]: SQL status: OK in 0.000 seconds
[0m23:44:29.888526 [debug] [MainThread]: On master: Close
[0m23:44:29.890140 [debug] [MainThread]: Connection 'master' was properly closed.
[0m23:44:29.890410 [debug] [MainThread]: Connection 'list_lakehouse_main' was properly closed.
[0m23:44:29.890590 [debug] [MainThread]: Connection 'model.lakehouse.sales_silver_test' was properly closed.
[0m23:44:29.890818 [info ] [MainThread]: 
[0m23:44:29.891084 [info ] [MainThread]: Finished running 1 external model in 0 hours 0 minutes and 0.97 seconds (0.97s).
[0m23:44:29.891620 [debug] [MainThread]: Command end result
[0m23:44:29.914856 [info ] [MainThread]: 
[0m23:44:29.915609 [info ] [MainThread]: [31mCompleted with 1 error and 0 warnings:[0m
[0m23:44:29.915960 [info ] [MainThread]: 
[0m23:44:29.916324 [error] [MainThread]:   Runtime Error in model sales_silver_test (models/silver/sales_silver_test.sql)
  Catalog Error: Copy Function with name delta does not exist!
  Did you mean "csv"?
[0m23:44:29.916575 [info ] [MainThread]: 
[0m23:44:29.916826 [info ] [MainThread]: Done. PASS=0 WARN=0 ERROR=1 SKIP=0 TOTAL=1
[0m23:44:29.917564 [debug] [MainThread]: Resource report: {"command_name": "run", "command_wall_clock_time": 1.5962049, "process_user_time": 5.928866, "process_kernel_time": 0.4083, "process_mem_max_rss": "311844", "process_in_blocks": "5000", "process_out_blocks": "2504", "command_success": false}
[0m23:44:29.918017 [debug] [MainThread]: Command `dbt run` failed at 23:44:29.917937 after 1.60 seconds
[0m23:44:29.918314 [debug] [MainThread]: Sending event: {'category': 'dbt', 'action': 'invocation', 'label': 'end', 'context': [<snowplow_tracker.self_describing_json.SelfDescribingJson object at 0x7fd1408bfd90>, <snowplow_tracker.self_describing_json.SelfDescribingJson object at 0x7fd13ef3ae90>, <snowplow_tracker.self_describing_json.SelfDescribingJson object at 0x7fd13e964ee0>]}
[0m23:44:29.918573 [debug] [MainThread]: Flushing usage events
[0m00:26:46.709297 [debug] [MainThread]: Sending event: {'category': 'dbt', 'action': 'invocation', 'label': 'start', 'context': [<snowplow_tracker.self_describing_json.SelfDescribingJson object at 0x7f8c6c6cbd60>, <snowplow_tracker.self_describing_json.SelfDescribingJson object at 0x7f8c6a5e6e60>, <snowplow_tracker.self_describing_json.SelfDescribingJson object at 0x7f8c6a5e6e00>]}


============================== 00:26:46.713202 | 5afa5cc8-68fb-41ae-b48d-19a999aee8ee ==============================
[0m00:26:46.713202 [info ] [MainThread]: Running with dbt=1.8.0
[0m00:26:46.713553 [debug] [MainThread]: running dbt with arguments {'printer_width': '80', 'indirect_selection': 'eager', 'log_cache_events': 'False', 'write_json': 'True', 'partial_parse': 'True', 'cache_selected_only': 'False', 'profiles_dir': '.', 'version_check': 'True', 'fail_fast': 'False', 'log_path': '/workspace/dbt_project/logs', 'debug': 'False', 'warn_error': 'None', 'use_colors': 'True', 'use_experimental_parser': 'False', 'no_print': 'None', 'quiet': 'False', 'log_format': 'default', 'introspect': 'True', 'static_parser': 'True', 'warn_error_options': 'WarnErrorOptions(include=[], exclude=[])', 'target_path': 'None', 'invocation_command': 'dbt run --profiles-dir . --target dev', 'send_anonymous_usage_stats': 'True'}
[0m00:26:46.877813 [debug] [MainThread]: Sending event: {'category': 'dbt', 'action': 'project_id', 'label': '5afa5cc8-68fb-41ae-b48d-19a999aee8ee', 'context': [<snowplow_tracker.self_describing_json.SelfDescribingJson object at 0x7f8c615e3490>]}
[0m00:26:46.920115 [debug] [MainThread]: Sending event: {'category': 'dbt', 'action': 'adapter_info', 'label': '5afa5cc8-68fb-41ae-b48d-19a999aee8ee', 'context': [<snowplow_tracker.self_describing_json.SelfDescribingJson object at 0x7f8c6ad68550>]}
[0m00:26:46.920761 [info ] [MainThread]: Registered adapter: duckdb=1.8.0
[0m00:26:46.981827 [debug] [MainThread]: checksum: 2a6c64e758918535ccc035b9d143fb4c91b01df5f630e583361ba23a87d2a511, vars: {}, profile: , target: dev, version: 1.8.0
[0m00:26:47.051851 [debug] [MainThread]: Partial parsing enabled: 0 files deleted, 0 files added, 2 files changed.
[0m00:26:47.052384 [debug] [MainThread]: Partial parsing: updated file: lakehouse://models/gold/sales_gold.sql
[0m00:26:47.052698 [debug] [MainThread]: Partial parsing: updated file: lakehouse://models/silver/sales_silver.sql
[0m00:26:47.227766 [debug] [MainThread]: Sending event: {'category': 'dbt', 'action': 'load_project', 'label': '5afa5cc8-68fb-41ae-b48d-19a999aee8ee', 'context': [<snowplow_tracker.self_describing_json.SelfDescribingJson object at 0x7f8c61056a10>]}
[0m00:26:47.285888 [debug] [MainThread]: Sending event: {'category': 'dbt', 'action': 'resource_counts', 'label': '5afa5cc8-68fb-41ae-b48d-19a999aee8ee', 'context': [<snowplow_tracker.self_describing_json.SelfDescribingJson object at 0x7f8c610571c0>]}
[0m00:26:47.286325 [info ] [MainThread]: Found 3 models, 421 macros
[0m00:26:47.286573 [debug] [MainThread]: Sending event: {'category': 'dbt', 'action': 'runnable_timing', 'label': '5afa5cc8-68fb-41ae-b48d-19a999aee8ee', 'context': [<snowplow_tracker.self_describing_json.SelfDescribingJson object at 0x7f8c610571f0>]}
[0m00:26:47.288054 [info ] [MainThread]: 
[0m00:26:47.288556 [debug] [MainThread]: Acquiring new duckdb connection 'master'
[0m00:26:47.293254 [debug] [ThreadPool]: Acquiring new duckdb connection 'list_lakehouse'
[0m00:26:47.384083 [debug] [ThreadPool]: Using duckdb connection "list_lakehouse"
[0m00:26:47.384683 [debug] [ThreadPool]: On list_lakehouse: /* {"app": "dbt", "dbt_version": "1.8.0", "profile_name": "lakehouse", "target_name": "dev", "connection_name": "list_lakehouse"} */

    
    select schema_name
    from system.information_schema.schemata
    
    where catalog_name = '"lakehouse"'
    
  
  
[0m00:26:47.385046 [debug] [ThreadPool]: Opening a new connection, currently in state init
[0m00:26:47.791349 [debug] [ThreadPool]: SQL status: OK in 0.406 seconds
[0m00:26:47.792981 [debug] [ThreadPool]: On list_lakehouse: Close
[0m00:26:47.795542 [debug] [ThreadPool]: Re-using an available connection from the pool (formerly list_lakehouse, now create_lakehouse_main)
[0m00:26:47.796172 [debug] [ThreadPool]: Creating schema "database: "lakehouse"
schema: "main"
"
[0m00:26:47.801753 [debug] [ThreadPool]: Using duckdb connection "create_lakehouse_main"
[0m00:26:47.802168 [debug] [ThreadPool]: On create_lakehouse_main: /* {"app": "dbt", "dbt_version": "1.8.0", "profile_name": "lakehouse", "target_name": "dev", "connection_name": "create_lakehouse_main"} */

    
        select type from duckdb_databases()
        where database_name='lakehouse'
        and type='sqlite'
    
  
[0m00:26:47.802442 [debug] [ThreadPool]: Opening a new connection, currently in state closed
[0m00:26:47.872531 [debug] [ThreadPool]: SQL status: OK in 0.070 seconds
[0m00:26:47.873740 [debug] [ThreadPool]: Using duckdb connection "create_lakehouse_main"
[0m00:26:47.874000 [debug] [ThreadPool]: On create_lakehouse_main: BEGIN
[0m00:26:47.874328 [debug] [ThreadPool]: SQL status: OK in 0.000 seconds
[0m00:26:47.874540 [debug] [ThreadPool]: Using duckdb connection "create_lakehouse_main"
[0m00:26:47.874732 [debug] [ThreadPool]: On create_lakehouse_main: /* {"app": "dbt", "dbt_version": "1.8.0", "profile_name": "lakehouse", "target_name": "dev", "connection_name": "create_lakehouse_main"} */

    
    
        create schema if not exists "lakehouse"."main"
    
[0m00:26:47.875065 [debug] [ThreadPool]: SQL status: OK in 0.000 seconds
[0m00:26:47.875655 [debug] [ThreadPool]: On create_lakehouse_main: COMMIT
[0m00:26:47.875866 [debug] [ThreadPool]: Using duckdb connection "create_lakehouse_main"
[0m00:26:47.876054 [debug] [ThreadPool]: On create_lakehouse_main: COMMIT
[0m00:26:47.876412 [debug] [ThreadPool]: SQL status: OK in 0.000 seconds
[0m00:26:47.876633 [debug] [ThreadPool]: On create_lakehouse_main: Close
[0m00:26:47.879479 [debug] [ThreadPool]: Re-using an available connection from the pool (formerly create_lakehouse_main, now list_lakehouse_main)
[0m00:26:47.885356 [debug] [ThreadPool]: Using duckdb connection "list_lakehouse_main"
[0m00:26:47.885735 [debug] [ThreadPool]: On list_lakehouse_main: BEGIN
[0m00:26:47.885963 [debug] [ThreadPool]: Opening a new connection, currently in state closed
[0m00:26:47.953206 [debug] [ThreadPool]: SQL status: OK in 0.067 seconds
[0m00:26:47.953574 [debug] [ThreadPool]: Using duckdb connection "list_lakehouse_main"
[0m00:26:47.953801 [debug] [ThreadPool]: On list_lakehouse_main: /* {"app": "dbt", "dbt_version": "1.8.0", "profile_name": "lakehouse", "target_name": "dev", "connection_name": "list_lakehouse_main"} */
select
      'lakehouse' as database,
      table_name as name,
      table_schema as schema,
      CASE table_type
        WHEN 'BASE TABLE' THEN 'table'
        WHEN 'VIEW' THEN 'view'
        WHEN 'LOCAL TEMPORARY' THEN 'table'
        END as type
    from system.information_schema.tables
    where table_schema = 'main'
    and table_catalog = 'lakehouse'
  
[0m00:26:47.973379 [debug] [ThreadPool]: SQL status: OK in 0.019 seconds
[0m00:26:47.974683 [debug] [ThreadPool]: On list_lakehouse_main: ROLLBACK
[0m00:26:47.976782 [debug] [ThreadPool]: Failed to rollback 'list_lakehouse_main'
[0m00:26:47.977066 [debug] [ThreadPool]: On list_lakehouse_main: Close
[0m00:26:47.980061 [debug] [MainThread]: Sending event: {'category': 'dbt', 'action': 'runnable_timing', 'label': '5afa5cc8-68fb-41ae-b48d-19a999aee8ee', 'context': [<snowplow_tracker.self_describing_json.SelfDescribingJson object at 0x7f8c6c581120>]}
[0m00:26:47.980680 [debug] [MainThread]: Using duckdb connection "master"
[0m00:26:47.981106 [debug] [MainThread]: On master: BEGIN
[0m00:26:47.981320 [debug] [MainThread]: Opening a new connection, currently in state init
[0m00:26:48.054021 [debug] [MainThread]: SQL status: OK in 0.073 seconds
[0m00:26:48.054422 [debug] [MainThread]: On master: COMMIT
[0m00:26:48.054652 [debug] [MainThread]: Using duckdb connection "master"
[0m00:26:48.054855 [debug] [MainThread]: On master: COMMIT
[0m00:26:48.055162 [debug] [MainThread]: SQL status: OK in 0.000 seconds
[0m00:26:48.055394 [debug] [MainThread]: On master: Close
[0m00:26:48.057112 [info ] [MainThread]: Concurrency: 1 threads (target='dev')
[0m00:26:48.057417 [info ] [MainThread]: 
[0m00:26:48.059648 [debug] [Thread-1 (]: Began running node model.lakehouse.sales_silver
[0m00:26:48.060172 [info ] [Thread-1 (]: 1 of 3 START sql external model main.sales_silver .............................. [RUN]
[0m00:26:48.060778 [debug] [Thread-1 (]: Acquiring new duckdb connection 'model.lakehouse.sales_silver'
[0m00:26:48.061039 [debug] [Thread-1 (]: Began compiling node model.lakehouse.sales_silver
[0m00:26:48.069641 [debug] [Thread-1 (]: Writing injected SQL for node "model.lakehouse.sales_silver"
[0m00:26:48.070144 [debug] [Thread-1 (]: Began executing node model.lakehouse.sales_silver
[0m00:26:48.174376 [debug] [Thread-1 (]: Using duckdb connection "model.lakehouse.sales_silver"
[0m00:26:48.174760 [debug] [Thread-1 (]: On model.lakehouse.sales_silver: BEGIN
[0m00:26:48.175003 [debug] [Thread-1 (]: Opening a new connection, currently in state init
[0m00:26:48.244689 [debug] [Thread-1 (]: SQL status: OK in 0.070 seconds
[0m00:26:48.245097 [debug] [Thread-1 (]: Using duckdb connection "model.lakehouse.sales_silver"
[0m00:26:48.245383 [debug] [Thread-1 (]: On model.lakehouse.sales_silver: /* {"app": "dbt", "dbt_version": "1.8.0", "profile_name": "lakehouse", "target_name": "dev", "node_id": "model.lakehouse.sales_silver"} */

  
    
    

    create  table
      "lakehouse"."main"."sales_silver__dbt_tmp"
  
    as (
      

SELECT
    id,
    customer,
    amount,
    date,
    CURRENT_TIMESTAMP as _processed_at
FROM read_parquet('s3://lakehouse/bronze/sales_raw.parquet')
WHERE amount > 0
    );
  
  
[0m00:26:48.254787 [debug] [Thread-1 (]: SQL status: OK in 0.009 seconds
[0m00:26:48.257086 [debug] [Thread-1 (]: Using duckdb connection "model.lakehouse.sales_silver"
[0m00:26:48.257401 [debug] [Thread-1 (]: On model.lakehouse.sales_silver: /* {"app": "dbt", "dbt_version": "1.8.0", "profile_name": "lakehouse", "target_name": "dev", "node_id": "model.lakehouse.sales_silver"} */
copy "lakehouse"."main"."sales_silver__dbt_tmp" to 's3://lakehouse/silver/sales_silver' (format delta)
[0m00:26:48.257971 [debug] [Thread-1 (]: DuckDB adapter: Error running SQL: /* {"app": "dbt", "dbt_version": "1.8.0", "profile_name": "lakehouse", "target_name": "dev", "node_id": "model.lakehouse.sales_silver"} */
copy "lakehouse"."main"."sales_silver__dbt_tmp" to 's3://lakehouse/silver/sales_silver' (format delta)
[0m00:26:48.258236 [debug] [Thread-1 (]: DuckDB adapter: Rolling back transaction.
[0m00:26:48.258542 [debug] [Thread-1 (]: On model.lakehouse.sales_silver: ROLLBACK
[0m00:26:48.261382 [debug] [Thread-1 (]: Failed to rollback 'model.lakehouse.sales_silver'
[0m00:26:48.261703 [debug] [Thread-1 (]: On model.lakehouse.sales_silver: Close
[0m00:26:48.263805 [debug] [Thread-1 (]: Runtime Error in model sales_silver (models/silver/sales_silver.sql)
  Catalog Error: Copy Function with name delta does not exist!
  Did you mean "csv"?
[0m00:26:48.265101 [debug] [Thread-1 (]: Sending event: {'category': 'dbt', 'action': 'run_model', 'label': '5afa5cc8-68fb-41ae-b48d-19a999aee8ee', 'context': [<snowplow_tracker.self_describing_json.SelfDescribingJson object at 0x7f8c6104a890>]}
[0m00:26:48.265588 [error] [Thread-1 (]: 1 of 3 ERROR creating sql external model main.sales_silver ..................... [[31mERROR[0m in 0.20s]
[0m00:26:48.266062 [debug] [Thread-1 (]: Finished running node model.lakehouse.sales_silver
[0m00:26:48.266419 [debug] [Thread-1 (]: Began running node model.lakehouse.sales_silver_test
[0m00:26:48.267917 [info ] [Thread-1 (]: 2 of 3 START sql external model main.sales_silver_test ......................... [RUN]
[0m00:26:48.268442 [debug] [Thread-1 (]: Re-using an available connection from the pool (formerly model.lakehouse.sales_silver, now model.lakehouse.sales_silver_test)
[0m00:26:48.268764 [debug] [Thread-1 (]: Began compiling node model.lakehouse.sales_silver_test
[0m00:26:48.271174 [debug] [Thread-1 (]: Writing injected SQL for node "model.lakehouse.sales_silver_test"
[0m00:26:48.271608 [debug] [Thread-1 (]: Began executing node model.lakehouse.sales_silver_test
[0m00:26:48.274463 [debug] [Thread-1 (]: Using duckdb connection "model.lakehouse.sales_silver_test"
[0m00:26:48.274864 [debug] [Thread-1 (]: On model.lakehouse.sales_silver_test: BEGIN
[0m00:26:48.275171 [debug] [Thread-1 (]: Opening a new connection, currently in state closed
[0m00:26:48.345869 [debug] [Thread-1 (]: SQL status: OK in 0.071 seconds
[0m00:26:48.346359 [debug] [Thread-1 (]: Using duckdb connection "model.lakehouse.sales_silver_test"
[0m00:26:48.346662 [debug] [Thread-1 (]: On model.lakehouse.sales_silver_test: /* {"app": "dbt", "dbt_version": "1.8.0", "profile_name": "lakehouse", "target_name": "dev", "node_id": "model.lakehouse.sales_silver_test"} */

  
    
    

    create  table
      "lakehouse"."main"."sales_silver_test__dbt_tmp"
  
    as (
      
SELECT 1 as dummy
    );
  
  
[0m00:26:48.350579 [debug] [Thread-1 (]: SQL status: OK in 0.004 seconds
[0m00:26:48.352079 [debug] [Thread-1 (]: Using duckdb connection "model.lakehouse.sales_silver_test"
[0m00:26:48.352497 [debug] [Thread-1 (]: On model.lakehouse.sales_silver_test: /* {"app": "dbt", "dbt_version": "1.8.0", "profile_name": "lakehouse", "target_name": "dev", "node_id": "model.lakehouse.sales_silver_test"} */
copy "lakehouse"."main"."sales_silver_test__dbt_tmp" to 's3://lakehouse/silver/sales_silver_delta' (format delta)
[0m00:26:48.353036 [debug] [Thread-1 (]: DuckDB adapter: Error running SQL: /* {"app": "dbt", "dbt_version": "1.8.0", "profile_name": "lakehouse", "target_name": "dev", "node_id": "model.lakehouse.sales_silver_test"} */
copy "lakehouse"."main"."sales_silver_test__dbt_tmp" to 's3://lakehouse/silver/sales_silver_delta' (format delta)
[0m00:26:48.353312 [debug] [Thread-1 (]: DuckDB adapter: Rolling back transaction.
[0m00:26:48.353649 [debug] [Thread-1 (]: On model.lakehouse.sales_silver_test: ROLLBACK
[0m00:26:48.354265 [debug] [Thread-1 (]: Failed to rollback 'model.lakehouse.sales_silver_test'
[0m00:26:48.354502 [debug] [Thread-1 (]: On model.lakehouse.sales_silver_test: Close
[0m00:26:48.356623 [debug] [Thread-1 (]: Runtime Error in model sales_silver_test (models/silver/sales_silver_test.sql)
  Catalog Error: Copy Function with name delta does not exist!
  Did you mean "csv"?
[0m00:26:48.356998 [debug] [Thread-1 (]: Sending event: {'category': 'dbt', 'action': 'run_model', 'label': '5afa5cc8-68fb-41ae-b48d-19a999aee8ee', 'context': [<snowplow_tracker.self_describing_json.SelfDescribingJson object at 0x7f8c612c4130>]}
[0m00:26:48.357482 [error] [Thread-1 (]: 2 of 3 ERROR creating sql external model main.sales_silver_test ................ [[31mERROR[0m in 0.09s]
[0m00:26:48.358039 [debug] [Thread-1 (]: Finished running node model.lakehouse.sales_silver_test
[0m00:26:48.358452 [debug] [Thread-1 (]: Began running node model.lakehouse.sales_gold
[0m00:26:48.358955 [info ] [Thread-1 (]: 3 of 3 SKIP relation main.sales_gold ........................................... [[33mSKIP[0m]
[0m00:26:48.359360 [debug] [Thread-1 (]: Finished running node model.lakehouse.sales_gold
[0m00:26:48.360230 [debug] [MainThread]: Using duckdb connection "master"
[0m00:26:48.360469 [debug] [MainThread]: On master: BEGIN
[0m00:26:48.360660 [debug] [MainThread]: Opening a new connection, currently in state closed
[0m00:26:48.431433 [debug] [MainThread]: SQL status: OK in 0.071 seconds
[0m00:26:48.431820 [debug] [MainThread]: On master: COMMIT
[0m00:26:48.432048 [debug] [MainThread]: Using duckdb connection "master"
[0m00:26:48.432258 [debug] [MainThread]: On master: COMMIT
[0m00:26:48.432559 [debug] [MainThread]: SQL status: OK in 0.000 seconds
[0m00:26:48.432786 [debug] [MainThread]: On master: Close
[0m00:26:48.434611 [debug] [MainThread]: Connection 'master' was properly closed.
[0m00:26:48.435015 [debug] [MainThread]: Connection 'list_lakehouse_main' was properly closed.
[0m00:26:48.435263 [debug] [MainThread]: Connection 'model.lakehouse.sales_silver_test' was properly closed.
[0m00:26:48.435643 [info ] [MainThread]: 
[0m00:26:48.435947 [info ] [MainThread]: Finished running 3 external models in 0 hours 0 minutes and 1.15 seconds (1.15s).
[0m00:26:48.436670 [debug] [MainThread]: Command end result
[0m00:26:48.459230 [info ] [MainThread]: 
[0m00:26:48.459628 [info ] [MainThread]: [31mCompleted with 2 errors and 0 warnings:[0m
[0m00:26:48.459876 [info ] [MainThread]: 
[0m00:26:48.460190 [error] [MainThread]:   Runtime Error in model sales_silver (models/silver/sales_silver.sql)
  Catalog Error: Copy Function with name delta does not exist!
  Did you mean "csv"?
[0m00:26:48.460424 [info ] [MainThread]: 
[0m00:26:48.460701 [error] [MainThread]:   Runtime Error in model sales_silver_test (models/silver/sales_silver_test.sql)
  Catalog Error: Copy Function with name delta does not exist!
  Did you mean "csv"?
[0m00:26:48.460927 [info ] [MainThread]: 
[0m00:26:48.461196 [info ] [MainThread]: Done. PASS=0 WARN=0 ERROR=2 SKIP=1 TOTAL=3
[0m00:26:48.462188 [debug] [MainThread]: Resource report: {"command_name": "run", "command_wall_clock_time": 1.7941009, "process_user_time": 6.488439, "process_kernel_time": 0.435631, "process_mem_max_rss": "318984", "process_in_blocks": "38808", "process_out_blocks": "2520", "command_success": false}
[0m00:26:48.462936 [debug] [MainThread]: Command `dbt run` failed at 00:26:48.462807 after 1.79 seconds
[0m00:26:48.463313 [debug] [MainThread]: Sending event: {'category': 'dbt', 'action': 'invocation', 'label': 'end', 'context': [<snowplow_tracker.self_describing_json.SelfDescribingJson object at 0x7f8c6c6cbd60>, <snowplow_tracker.self_describing_json.SelfDescribingJson object at 0x7f8c615e3490>, <snowplow_tracker.self_describing_json.SelfDescribingJson object at 0x7f8c61370970>]}
[0m00:26:48.463619 [debug] [MainThread]: Flushing usage events
[0m00:36:00.854263 [debug] [MainThread]: Sending event: {'category': 'dbt', 'action': 'invocation', 'label': 'start', 'context': [<snowplow_tracker.self_describing_json.SelfDescribingJson object at 0x7f0b6ae27e20>, <snowplow_tracker.self_describing_json.SelfDescribingJson object at 0x7f0b68d42f50>, <snowplow_tracker.self_describing_json.SelfDescribingJson object at 0x7f0b68d42ef0>]}


============================== 00:36:00.856699 | e574682d-fe21-4128-b477-36290fd6cf16 ==============================
[0m00:36:00.856699 [info ] [MainThread]: Running with dbt=1.8.0
[0m00:36:00.857103 [debug] [MainThread]: running dbt with arguments {'printer_width': '80', 'indirect_selection': 'eager', 'log_cache_events': 'False', 'write_json': 'True', 'partial_parse': 'True', 'cache_selected_only': 'False', 'warn_error': 'None', 'debug': 'False', 'version_check': 'True', 'log_path': '/workspace/dbt_project/logs', 'profiles_dir': '.', 'fail_fast': 'False', 'use_colors': 'True', 'use_experimental_parser': 'False', 'no_print': 'None', 'quiet': 'False', 'log_format': 'default', 'invocation_command': 'dbt run --profiles-dir . --target dev', 'warn_error_options': 'WarnErrorOptions(include=[], exclude=[])', 'introspect': 'True', 'target_path': 'None', 'static_parser': 'True', 'send_anonymous_usage_stats': 'True'}
[0m00:36:01.097336 [debug] [MainThread]: Sending event: {'category': 'dbt', 'action': 'project_id', 'label': 'e574682d-fe21-4128-b477-36290fd6cf16', 'context': [<snowplow_tracker.self_describing_json.SelfDescribingJson object at 0x7f0b68de2ef0>]}
[0m00:36:01.151216 [debug] [MainThread]: Sending event: {'category': 'dbt', 'action': 'adapter_info', 'label': 'e574682d-fe21-4128-b477-36290fd6cf16', 'context': [<snowplow_tracker.self_describing_json.SelfDescribingJson object at 0x7f0b6b21f250>]}
[0m00:36:01.152050 [info ] [MainThread]: Registered adapter: duckdb=1.8.0
[0m00:36:01.217919 [debug] [MainThread]: checksum: 2a6c64e758918535ccc035b9d143fb4c91b01df5f630e583361ba23a87d2a511, vars: {}, profile: , target: dev, version: 1.8.0
[0m00:36:01.302390 [debug] [MainThread]: Partial parsing enabled: 3 files deleted, 2 files added, 0 files changed.
[0m00:36:01.302847 [debug] [MainThread]: Partial parsing: added file: lakehouse://models/silver/sales_silver.py
[0m00:36:01.303102 [debug] [MainThread]: Partial parsing: added file: lakehouse://models/gold/sales_gold.py
[0m00:36:01.303318 [debug] [MainThread]: Partial parsing: deleted file: lakehouse://models/silver/sales_silver_test.sql
[0m00:36:01.303502 [debug] [MainThread]: Partial parsing: deleted file: lakehouse://models/gold/sales_gold.sql
[0m00:36:01.303682 [debug] [MainThread]: Partial parsing: deleted file: lakehouse://models/silver/sales_silver.sql
[0m00:36:01.482082 [debug] [MainThread]: Sending event: {'category': 'dbt', 'action': 'load_project', 'label': 'e574682d-fe21-4128-b477-36290fd6cf16', 'context': [<snowplow_tracker.self_describing_json.SelfDescribingJson object at 0x7f0b5f74aad0>]}
[0m00:36:01.542258 [debug] [MainThread]: Sending event: {'category': 'dbt', 'action': 'resource_counts', 'label': 'e574682d-fe21-4128-b477-36290fd6cf16', 'context': [<snowplow_tracker.self_describing_json.SelfDescribingJson object at 0x7f0b5fb028f0>]}
[0m00:36:01.542677 [info ] [MainThread]: Found 2 models, 421 macros
[0m00:36:01.542976 [debug] [MainThread]: Sending event: {'category': 'dbt', 'action': 'runnable_timing', 'label': 'e574682d-fe21-4128-b477-36290fd6cf16', 'context': [<snowplow_tracker.self_describing_json.SelfDescribingJson object at 0x7f0b5fb022c0>]}
[0m00:36:01.544414 [info ] [MainThread]: 
[0m00:36:01.544937 [debug] [MainThread]: Acquiring new duckdb connection 'master'
[0m00:36:01.549320 [debug] [ThreadPool]: Acquiring new duckdb connection 'list_lakehouse'
[0m00:36:01.636259 [debug] [ThreadPool]: Using duckdb connection "list_lakehouse"
[0m00:36:01.636620 [debug] [ThreadPool]: On list_lakehouse: /* {"app": "dbt", "dbt_version": "1.8.0", "profile_name": "lakehouse", "target_name": "dev", "connection_name": "list_lakehouse"} */

    
    select schema_name
    from system.information_schema.schemata
    
    where catalog_name = '"lakehouse"'
    
  
  
[0m00:36:01.636852 [debug] [ThreadPool]: Opening a new connection, currently in state init
[0m00:36:02.031083 [debug] [ThreadPool]: SQL status: OK in 0.394 seconds
[0m00:36:02.032741 [debug] [ThreadPool]: On list_lakehouse: Close
[0m00:36:02.034888 [debug] [ThreadPool]: Re-using an available connection from the pool (formerly list_lakehouse, now create_lakehouse_main)
[0m00:36:02.035337 [debug] [ThreadPool]: Creating schema "database: "lakehouse"
schema: "main"
"
[0m00:36:02.041414 [debug] [ThreadPool]: Using duckdb connection "create_lakehouse_main"
[0m00:36:02.041733 [debug] [ThreadPool]: On create_lakehouse_main: /* {"app": "dbt", "dbt_version": "1.8.0", "profile_name": "lakehouse", "target_name": "dev", "connection_name": "create_lakehouse_main"} */

    
        select type from duckdb_databases()
        where database_name='lakehouse'
        and type='sqlite'
    
  
[0m00:36:02.041950 [debug] [ThreadPool]: Opening a new connection, currently in state closed
[0m00:36:02.121347 [debug] [ThreadPool]: SQL status: OK in 0.079 seconds
[0m00:36:02.122676 [debug] [ThreadPool]: Using duckdb connection "create_lakehouse_main"
[0m00:36:02.122950 [debug] [ThreadPool]: On create_lakehouse_main: BEGIN
[0m00:36:02.123428 [debug] [ThreadPool]: SQL status: OK in 0.000 seconds
[0m00:36:02.123641 [debug] [ThreadPool]: Using duckdb connection "create_lakehouse_main"
[0m00:36:02.123832 [debug] [ThreadPool]: On create_lakehouse_main: /* {"app": "dbt", "dbt_version": "1.8.0", "profile_name": "lakehouse", "target_name": "dev", "connection_name": "create_lakehouse_main"} */

    
    
        create schema if not exists "lakehouse"."main"
    
[0m00:36:02.124178 [debug] [ThreadPool]: SQL status: OK in 0.000 seconds
[0m00:36:02.124767 [debug] [ThreadPool]: On create_lakehouse_main: COMMIT
[0m00:36:02.124975 [debug] [ThreadPool]: Using duckdb connection "create_lakehouse_main"
[0m00:36:02.125166 [debug] [ThreadPool]: On create_lakehouse_main: COMMIT
[0m00:36:02.125482 [debug] [ThreadPool]: SQL status: OK in 0.000 seconds
[0m00:36:02.125719 [debug] [ThreadPool]: On create_lakehouse_main: Close
[0m00:36:02.128564 [debug] [ThreadPool]: Acquiring new duckdb connection 'list_lakehouse_main'
[0m00:36:02.134301 [debug] [ThreadPool]: Using duckdb connection "list_lakehouse_main"
[0m00:36:02.134733 [debug] [ThreadPool]: On list_lakehouse_main: BEGIN
[0m00:36:02.134975 [debug] [ThreadPool]: Opening a new connection, currently in state init
[0m00:36:02.201563 [debug] [ThreadPool]: SQL status: OK in 0.066 seconds
[0m00:36:02.201958 [debug] [ThreadPool]: Using duckdb connection "list_lakehouse_main"
[0m00:36:02.202245 [debug] [ThreadPool]: On list_lakehouse_main: /* {"app": "dbt", "dbt_version": "1.8.0", "profile_name": "lakehouse", "target_name": "dev", "connection_name": "list_lakehouse_main"} */
select
      'lakehouse' as database,
      table_name as name,
      table_schema as schema,
      CASE table_type
        WHEN 'BASE TABLE' THEN 'table'
        WHEN 'VIEW' THEN 'view'
        WHEN 'LOCAL TEMPORARY' THEN 'table'
        END as type
    from system.information_schema.tables
    where table_schema = 'main'
    and table_catalog = 'lakehouse'
  
[0m00:36:02.222411 [debug] [ThreadPool]: SQL status: OK in 0.020 seconds
[0m00:36:02.223789 [debug] [ThreadPool]: On list_lakehouse_main: ROLLBACK
[0m00:36:02.224707 [debug] [ThreadPool]: Failed to rollback 'list_lakehouse_main'
[0m00:36:02.225086 [debug] [ThreadPool]: On list_lakehouse_main: Close
[0m00:36:02.228651 [debug] [MainThread]: Sending event: {'category': 'dbt', 'action': 'runnable_timing', 'label': 'e574682d-fe21-4128-b477-36290fd6cf16', 'context': [<snowplow_tracker.self_describing_json.SelfDescribingJson object at 0x7f0b68ed55d0>]}
[0m00:36:02.229180 [debug] [MainThread]: Using duckdb connection "master"
[0m00:36:02.229498 [debug] [MainThread]: On master: BEGIN
[0m00:36:02.229779 [debug] [MainThread]: Opening a new connection, currently in state init
[0m00:36:02.305437 [debug] [MainThread]: SQL status: OK in 0.076 seconds
[0m00:36:02.305824 [debug] [MainThread]: On master: COMMIT
[0m00:36:02.306055 [debug] [MainThread]: Using duckdb connection "master"
[0m00:36:02.306297 [debug] [MainThread]: On master: COMMIT
[0m00:36:02.306603 [debug] [MainThread]: SQL status: OK in 0.000 seconds
[0m00:36:02.306825 [debug] [MainThread]: On master: Close
[0m00:36:02.308662 [info ] [MainThread]: Concurrency: 1 threads (target='dev')
[0m00:36:02.309051 [info ] [MainThread]: 
[0m00:36:02.310989 [debug] [Thread-1 (]: Began running node model.lakehouse.sales_silver
[0m00:36:02.311443 [info ] [Thread-1 (]: 1 of 2 START python view model main.sales_silver ............................... [RUN]
[0m00:36:02.311890 [debug] [Thread-1 (]: Acquiring new duckdb connection 'model.lakehouse.sales_silver'
[0m00:36:02.312139 [debug] [Thread-1 (]: Began compiling node model.lakehouse.sales_silver
[0m00:36:02.399521 [debug] [Thread-1 (]: Writing injected SQL for node "model.lakehouse.sales_silver"
[0m00:36:02.400113 [debug] [Thread-1 (]: Began executing node model.lakehouse.sales_silver
[0m00:36:02.403976 [debug] [Thread-1 (]: Runtime Error in model sales_silver (models/silver/sales_silver.py)
  Materialization "materialization_view_default" only supports languages ['sql']; got "python"
[0m00:36:02.405903 [debug] [Thread-1 (]: Sending event: {'category': 'dbt', 'action': 'run_model', 'label': 'e574682d-fe21-4128-b477-36290fd6cf16', 'context': [<snowplow_tracker.self_describing_json.SelfDescribingJson object at 0x7f0b2944dcc0>]}
[0m00:36:02.406434 [error] [Thread-1 (]: 1 of 2 ERROR creating python view model main.sales_silver ...................... [[31mERROR[0m in 0.09s]
[0m00:36:02.407295 [debug] [Thread-1 (]: Finished running node model.lakehouse.sales_silver
[0m00:36:02.408378 [debug] [Thread-1 (]: Began running node model.lakehouse.sales_gold
[0m00:36:02.408669 [info ] [Thread-1 (]: 2 of 2 SKIP relation main.sales_gold ........................................... [[33mSKIP[0m]
[0m00:36:02.408957 [debug] [Thread-1 (]: Finished running node model.lakehouse.sales_gold
[0m00:36:02.409643 [debug] [MainThread]: Using duckdb connection "master"
[0m00:36:02.409887 [debug] [MainThread]: On master: BEGIN
[0m00:36:02.410092 [debug] [MainThread]: Opening a new connection, currently in state closed
[0m00:36:02.479828 [debug] [MainThread]: SQL status: OK in 0.070 seconds
[0m00:36:02.480223 [debug] [MainThread]: On master: COMMIT
[0m00:36:02.480448 [debug] [MainThread]: Using duckdb connection "master"
[0m00:36:02.480647 [debug] [MainThread]: On master: COMMIT
[0m00:36:02.481026 [debug] [MainThread]: SQL status: OK in 0.000 seconds
[0m00:36:02.481265 [debug] [MainThread]: On master: Close
[0m00:36:02.483288 [debug] [MainThread]: Connection 'master' was properly closed.
[0m00:36:02.483634 [debug] [MainThread]: Connection 'create_lakehouse_main' was properly closed.
[0m00:36:02.483859 [debug] [MainThread]: Connection 'list_lakehouse_main' was properly closed.
[0m00:36:02.484039 [debug] [MainThread]: Connection 'model.lakehouse.sales_silver' was properly closed.
[0m00:36:02.484342 [info ] [MainThread]: 
[0m00:36:02.484607 [info ] [MainThread]: Finished running 2 view models in 0 hours 0 minutes and 0.94 seconds (0.94s).
[0m00:36:02.485209 [debug] [MainThread]: Command end result
[0m00:36:02.508992 [info ] [MainThread]: 
[0m00:36:02.509416 [info ] [MainThread]: [31mCompleted with 1 error and 0 warnings:[0m
[0m00:36:02.509681 [info ] [MainThread]: 
[0m00:36:02.510121 [error] [MainThread]:   Runtime Error in model sales_silver (models/silver/sales_silver.py)
  Materialization "materialization_view_default" only supports languages ['sql']; got "python"
[0m00:36:02.510410 [info ] [MainThread]: 
[0m00:36:02.510712 [info ] [MainThread]: Done. PASS=0 WARN=0 ERROR=1 SKIP=1 TOTAL=2
[0m00:36:02.511720 [debug] [MainThread]: Resource report: {"command_name": "run", "command_wall_clock_time": 1.698231, "process_user_time": 5.423506, "process_kernel_time": 0.39268, "process_mem_max_rss": "310980", "process_in_blocks": "106912", "process_out_blocks": "2504", "command_success": false}
[0m00:36:02.512207 [debug] [MainThread]: Command `dbt run` failed at 00:36:02.512110 after 1.70 seconds
[0m00:36:02.512484 [debug] [MainThread]: Sending event: {'category': 'dbt', 'action': 'invocation', 'label': 'end', 'context': [<snowplow_tracker.self_describing_json.SelfDescribingJson object at 0x7f0b6ae27e20>, <snowplow_tracker.self_describing_json.SelfDescribingJson object at 0x7f0b6ac7ff40>, <snowplow_tracker.self_describing_json.SelfDescribingJson object at 0x7f0b5f7526b0>]}
[0m00:36:02.512737 [debug] [MainThread]: Flushing usage events
[0m00:39:09.820881 [debug] [MainThread]: Sending event: {'category': 'dbt', 'action': 'invocation', 'label': 'start', 'context': [<snowplow_tracker.self_describing_json.SelfDescribingJson object at 0x7f5d2c37fd90>, <snowplow_tracker.self_describing_json.SelfDescribingJson object at 0x7f5d2a2deec0>, <snowplow_tracker.self_describing_json.SelfDescribingJson object at 0x7f5d2a2dee60>]}


============================== 00:39:09.823374 | 9f6ed96d-a037-49c9-b2d6-1c6653dd3920 ==============================
[0m00:39:09.823374 [info ] [MainThread]: Running with dbt=1.8.0
[0m00:39:09.823774 [debug] [MainThread]: running dbt with arguments {'printer_width': '80', 'indirect_selection': 'eager', 'write_json': 'True', 'log_cache_events': 'False', 'partial_parse': 'True', 'cache_selected_only': 'False', 'warn_error': 'None', 'version_check': 'True', 'debug': 'False', 'log_path': '/workspace/dbt_project/logs', 'fail_fast': 'False', 'profiles_dir': '.', 'use_colors': 'True', 'use_experimental_parser': 'False', 'no_print': 'None', 'quiet': 'False', 'log_format': 'default', 'introspect': 'True', 'static_parser': 'True', 'warn_error_options': 'WarnErrorOptions(include=[], exclude=[])', 'target_path': 'None', 'invocation_command': 'dbt run --profiles-dir . --target dev', 'send_anonymous_usage_stats': 'True'}
[0m00:39:09.985164 [debug] [MainThread]: Sending event: {'category': 'dbt', 'action': 'project_id', 'label': '9f6ed96d-a037-49c9-b2d6-1c6653dd3920', 'context': [<snowplow_tracker.self_describing_json.SelfDescribingJson object at 0x7f5d21116020>]}
[0m00:39:10.028452 [debug] [MainThread]: Sending event: {'category': 'dbt', 'action': 'adapter_info', 'label': '9f6ed96d-a037-49c9-b2d6-1c6653dd3920', 'context': [<snowplow_tracker.self_describing_json.SelfDescribingJson object at 0x7f5d2a47b1c0>]}
[0m00:39:10.029195 [info ] [MainThread]: Registered adapter: duckdb=1.8.0
[0m00:39:10.097276 [debug] [MainThread]: checksum: 2a6c64e758918535ccc035b9d143fb4c91b01df5f630e583361ba23a87d2a511, vars: {}, profile: , target: dev, version: 1.8.0
[0m00:39:10.175075 [debug] [MainThread]: Partial parsing enabled: 0 files deleted, 0 files added, 2 files changed.
[0m00:39:10.175666 [debug] [MainThread]: Partial parsing: updated file: lakehouse://models/silver/sales_silver.py
[0m00:39:10.176039 [debug] [MainThread]: Partial parsing: updated file: lakehouse://models/gold/sales_gold.py
[0m00:39:10.360672 [debug] [MainThread]: Sending event: {'category': 'dbt', 'action': 'load_project', 'label': '9f6ed96d-a037-49c9-b2d6-1c6653dd3920', 'context': [<snowplow_tracker.self_describing_json.SelfDescribingJson object at 0x7f5d211e1f90>]}
[0m00:39:10.419366 [debug] [MainThread]: Sending event: {'category': 'dbt', 'action': 'resource_counts', 'label': '9f6ed96d-a037-49c9-b2d6-1c6653dd3920', 'context': [<snowplow_tracker.self_describing_json.SelfDescribingJson object at 0x7f5d20d8c5b0>]}
[0m00:39:10.419784 [info ] [MainThread]: Found 2 models, 421 macros
[0m00:39:10.420059 [debug] [MainThread]: Sending event: {'category': 'dbt', 'action': 'runnable_timing', 'label': '9f6ed96d-a037-49c9-b2d6-1c6653dd3920', 'context': [<snowplow_tracker.self_describing_json.SelfDescribingJson object at 0x7f5d20d8e290>]}
[0m00:39:10.421329 [info ] [MainThread]: 
[0m00:39:10.421783 [debug] [MainThread]: Acquiring new duckdb connection 'master'
[0m00:39:10.426657 [debug] [ThreadPool]: Acquiring new duckdb connection 'list_lakehouse'
[0m00:39:10.512300 [debug] [ThreadPool]: Using duckdb connection "list_lakehouse"
[0m00:39:10.512654 [debug] [ThreadPool]: On list_lakehouse: /* {"app": "dbt", "dbt_version": "1.8.0", "profile_name": "lakehouse", "target_name": "dev", "connection_name": "list_lakehouse"} */

    
    select schema_name
    from system.information_schema.schemata
    
    where catalog_name = '"lakehouse"'
    
  
  
[0m00:39:10.512871 [debug] [ThreadPool]: Opening a new connection, currently in state init
[0m00:39:10.886735 [debug] [ThreadPool]: SQL status: OK in 0.374 seconds
[0m00:39:10.887979 [debug] [ThreadPool]: On list_lakehouse: Close
[0m00:39:10.890614 [debug] [ThreadPool]: Re-using an available connection from the pool (formerly list_lakehouse, now create_lakehouse_main)
[0m00:39:10.891139 [debug] [ThreadPool]: Creating schema "database: "lakehouse"
schema: "main"
"
[0m00:39:10.897023 [debug] [ThreadPool]: Using duckdb connection "create_lakehouse_main"
[0m00:39:10.897445 [debug] [ThreadPool]: On create_lakehouse_main: /* {"app": "dbt", "dbt_version": "1.8.0", "profile_name": "lakehouse", "target_name": "dev", "connection_name": "create_lakehouse_main"} */

    
        select type from duckdb_databases()
        where database_name='lakehouse'
        and type='sqlite'
    
  
[0m00:39:10.897695 [debug] [ThreadPool]: Opening a new connection, currently in state closed
[0m00:39:10.968665 [debug] [ThreadPool]: SQL status: OK in 0.071 seconds
[0m00:39:10.969848 [debug] [ThreadPool]: Using duckdb connection "create_lakehouse_main"
[0m00:39:10.970106 [debug] [ThreadPool]: On create_lakehouse_main: BEGIN
[0m00:39:10.970461 [debug] [ThreadPool]: SQL status: OK in 0.000 seconds
[0m00:39:10.970671 [debug] [ThreadPool]: Using duckdb connection "create_lakehouse_main"
[0m00:39:10.970873 [debug] [ThreadPool]: On create_lakehouse_main: /* {"app": "dbt", "dbt_version": "1.8.0", "profile_name": "lakehouse", "target_name": "dev", "connection_name": "create_lakehouse_main"} */

    
    
        create schema if not exists "lakehouse"."main"
    
[0m00:39:10.971228 [debug] [ThreadPool]: SQL status: OK in 0.000 seconds
[0m00:39:10.971815 [debug] [ThreadPool]: On create_lakehouse_main: COMMIT
[0m00:39:10.972020 [debug] [ThreadPool]: Using duckdb connection "create_lakehouse_main"
[0m00:39:10.972215 [debug] [ThreadPool]: On create_lakehouse_main: COMMIT
[0m00:39:10.972498 [debug] [ThreadPool]: SQL status: OK in 0.000 seconds
[0m00:39:10.972716 [debug] [ThreadPool]: On create_lakehouse_main: Close
[0m00:39:10.975880 [debug] [ThreadPool]: Re-using an available connection from the pool (formerly create_lakehouse_main, now list_lakehouse_main)
[0m00:39:10.981185 [debug] [ThreadPool]: Using duckdb connection "list_lakehouse_main"
[0m00:39:10.982756 [debug] [ThreadPool]: On list_lakehouse_main: BEGIN
[0m00:39:10.983016 [debug] [ThreadPool]: Opening a new connection, currently in state closed
[0m00:39:11.054072 [debug] [ThreadPool]: SQL status: OK in 0.071 seconds
[0m00:39:11.054538 [debug] [ThreadPool]: Using duckdb connection "list_lakehouse_main"
[0m00:39:11.054832 [debug] [ThreadPool]: On list_lakehouse_main: /* {"app": "dbt", "dbt_version": "1.8.0", "profile_name": "lakehouse", "target_name": "dev", "connection_name": "list_lakehouse_main"} */
select
      'lakehouse' as database,
      table_name as name,
      table_schema as schema,
      CASE table_type
        WHEN 'BASE TABLE' THEN 'table'
        WHEN 'VIEW' THEN 'view'
        WHEN 'LOCAL TEMPORARY' THEN 'table'
        END as type
    from system.information_schema.tables
    where table_schema = 'main'
    and table_catalog = 'lakehouse'
  
[0m00:39:11.080652 [debug] [ThreadPool]: SQL status: OK in 0.025 seconds
[0m00:39:11.081998 [debug] [ThreadPool]: On list_lakehouse_main: ROLLBACK
[0m00:39:11.082464 [debug] [ThreadPool]: Failed to rollback 'list_lakehouse_main'
[0m00:39:11.082690 [debug] [ThreadPool]: On list_lakehouse_main: Close
[0m00:39:11.086351 [debug] [MainThread]: Sending event: {'category': 'dbt', 'action': 'runnable_timing', 'label': '9f6ed96d-a037-49c9-b2d6-1c6653dd3920', 'context': [<snowplow_tracker.self_describing_json.SelfDescribingJson object at 0x7f5d2a275450>]}
[0m00:39:11.086909 [debug] [MainThread]: Using duckdb connection "master"
[0m00:39:11.087199 [debug] [MainThread]: On master: BEGIN
[0m00:39:11.087417 [debug] [MainThread]: Opening a new connection, currently in state init
[0m00:39:11.160074 [debug] [MainThread]: SQL status: OK in 0.073 seconds
[0m00:39:11.160697 [debug] [MainThread]: On master: COMMIT
[0m00:39:11.161419 [debug] [MainThread]: Using duckdb connection "master"
[0m00:39:11.161788 [debug] [MainThread]: On master: COMMIT
[0m00:39:11.162360 [debug] [MainThread]: SQL status: OK in 0.000 seconds
[0m00:39:11.162650 [debug] [MainThread]: On master: Close
[0m00:39:11.164536 [info ] [MainThread]: Concurrency: 1 threads (target='dev')
[0m00:39:11.164862 [info ] [MainThread]: 
[0m00:39:11.166978 [debug] [Thread-1 (]: Began running node model.lakehouse.sales_silver
[0m00:39:11.167446 [info ] [Thread-1 (]: 1 of 2 START python table model main.sales_silver .............................. [RUN]
[0m00:39:11.168125 [debug] [Thread-1 (]: Acquiring new duckdb connection 'model.lakehouse.sales_silver'
[0m00:39:11.168493 [debug] [Thread-1 (]: Began compiling node model.lakehouse.sales_silver
[0m00:39:11.264212 [debug] [Thread-1 (]: Writing injected SQL for node "model.lakehouse.sales_silver"
[0m00:39:11.264796 [debug] [Thread-1 (]: Began executing node model.lakehouse.sales_silver
[0m00:39:11.292380 [debug] [Thread-1 (]: Writing runtime python for node "model.lakehouse.sales_silver"
[0m00:39:11.293487 [debug] [Thread-1 (]: Opening a new connection, currently in state init
[0m00:39:30.789590 [debug] [Thread-1 (]: On model.lakehouse.sales_silver: Close
[0m00:39:30.796149 [debug] [Thread-1 (]: Runtime Error in model sales_silver (models/silver/sales_silver.py)
  Python model failed:
  IO Error: Hit DeltaKernel FFI error (from: While trying to read from delta table: 's3://lakehouse/silver/sales_silver/'): Hit error: 8 (ObjectStoreError) with message (Error interacting with object store: Generic S3 error: Error after 10 retries in 19.341862885s, max_retries:10, retry_timeout:180s, source:error sending request for url (http://169.254.169.254/latest/api/token))
[0m00:39:30.798380 [debug] [Thread-1 (]: Sending event: {'category': 'dbt', 'action': 'run_model', 'label': '9f6ed96d-a037-49c9-b2d6-1c6653dd3920', 'context': [<snowplow_tracker.self_describing_json.SelfDescribingJson object at 0x7f5d20fbc8e0>]}
[0m00:39:30.799224 [error] [Thread-1 (]: 1 of 2 ERROR creating python table model main.sales_silver ..................... [[31mERROR[0m in 19.63s]
[0m00:39:30.799981 [debug] [Thread-1 (]: Finished running node model.lakehouse.sales_silver
[0m00:39:30.801818 [debug] [Thread-1 (]: Began running node model.lakehouse.sales_gold
[0m00:39:30.802470 [info ] [Thread-1 (]: 2 of 2 SKIP relation main.sales_gold ........................................... [[33mSKIP[0m]
[0m00:39:30.803010 [debug] [Thread-1 (]: Finished running node model.lakehouse.sales_gold
[0m00:39:30.804214 [debug] [MainThread]: Using duckdb connection "master"
[0m00:39:30.804584 [debug] [MainThread]: On master: BEGIN
[0m00:39:30.804872 [debug] [MainThread]: Opening a new connection, currently in state closed
[0m00:39:30.919107 [debug] [MainThread]: SQL status: OK in 0.114 seconds
[0m00:39:30.920001 [debug] [MainThread]: On master: COMMIT
[0m00:39:30.920565 [debug] [MainThread]: Using duckdb connection "master"
[0m00:39:30.921010 [debug] [MainThread]: On master: COMMIT
[0m00:39:30.921744 [debug] [MainThread]: SQL status: OK in 0.000 seconds
[0m00:39:30.922104 [debug] [MainThread]: On master: Close
[0m00:39:30.924374 [debug] [MainThread]: Connection 'master' was properly closed.
[0m00:39:30.924755 [debug] [MainThread]: Connection 'list_lakehouse_main' was properly closed.
[0m00:39:30.925040 [debug] [MainThread]: Connection 'model.lakehouse.sales_silver' was properly closed.
[0m00:39:30.925470 [info ] [MainThread]: 
[0m00:39:30.925890 [info ] [MainThread]: Finished running 2 table models in 0 hours 0 minutes and 20.50 seconds (20.50s).
[0m00:39:30.927262 [debug] [MainThread]: Command end result
[0m00:39:30.962084 [info ] [MainThread]: 
[0m00:39:30.962825 [info ] [MainThread]: [31mCompleted with 1 error and 0 warnings:[0m
[0m00:39:30.963336 [info ] [MainThread]: 
[0m00:39:30.963900 [error] [MainThread]:   Runtime Error in model sales_silver (models/silver/sales_silver.py)
  Python model failed:
  IO Error: Hit DeltaKernel FFI error (from: While trying to read from delta table: 's3://lakehouse/silver/sales_silver/'): Hit error: 8 (ObjectStoreError) with message (Error interacting with object store: Generic S3 error: Error after 10 retries in 19.341862885s, max_retries:10, retry_timeout:180s, source:error sending request for url (http://169.254.169.254/latest/api/token))
[0m00:39:30.964268 [info ] [MainThread]: 
[0m00:39:30.964651 [info ] [MainThread]: Done. PASS=0 WARN=0 ERROR=1 SKIP=1 TOTAL=2
[0m00:39:30.965676 [debug] [MainThread]: Resource report: {"command_name": "run", "command_wall_clock_time": 21.18609, "process_user_time": 6.121396, "process_kernel_time": 0.441973, "process_mem_max_rss": "339232", "process_in_blocks": "15824", "process_out_blocks": "2544", "command_success": false}
[0m00:39:30.966235 [debug] [MainThread]: Command `dbt run` failed at 00:39:30.966068 after 21.19 seconds
[0m00:39:30.966704 [debug] [MainThread]: Sending event: {'category': 'dbt', 'action': 'invocation', 'label': 'end', 'context': [<snowplow_tracker.self_describing_json.SelfDescribingJson object at 0x7f5d2c37fd90>, <snowplow_tracker.self_describing_json.SelfDescribingJson object at 0x7f5d2a9fb6d0>, <snowplow_tracker.self_describing_json.SelfDescribingJson object at 0x7f5caa6e07c0>]}
[0m00:39:30.967447 [debug] [MainThread]: Flushing usage events
[0m00:41:49.200533 [debug] [MainThread]: Sending event: {'category': 'dbt', 'action': 'invocation', 'label': 'start', 'context': [<snowplow_tracker.self_describing_json.SelfDescribingJson object at 0x7f33784e3d90>, <snowplow_tracker.self_describing_json.SelfDescribingJson object at 0x7f3376442ec0>, <snowplow_tracker.self_describing_json.SelfDescribingJson object at 0x7f3376442e60>]}


============================== 00:41:49.203310 | bc4139f6-ca63-47cd-967d-2435dc91d3f1 ==============================
[0m00:41:49.203310 [info ] [MainThread]: Running with dbt=1.8.0
[0m00:41:49.203956 [debug] [MainThread]: running dbt with arguments {'printer_width': '80', 'indirect_selection': 'eager', 'log_cache_events': 'False', 'write_json': 'True', 'partial_parse': 'True', 'cache_selected_only': 'False', 'profiles_dir': '.', 'debug': 'False', 'fail_fast': 'False', 'log_path': '/workspace/dbt_project/logs', 'warn_error': 'None', 'version_check': 'True', 'use_colors': 'True', 'use_experimental_parser': 'False', 'no_print': 'None', 'quiet': 'False', 'warn_error_options': 'WarnErrorOptions(include=[], exclude=[])', 'invocation_command': 'dbt run --profiles-dir . --target dev', 'introspect': 'True', 'static_parser': 'True', 'target_path': 'None', 'log_format': 'default', 'send_anonymous_usage_stats': 'True'}
[0m00:41:49.372939 [debug] [MainThread]: Sending event: {'category': 'dbt', 'action': 'project_id', 'label': 'bc4139f6-ca63-47cd-967d-2435dc91d3f1', 'context': [<snowplow_tracker.self_describing_json.SelfDescribingJson object at 0x7f336d316020>]}
[0m00:41:49.419194 [debug] [MainThread]: Sending event: {'category': 'dbt', 'action': 'adapter_info', 'label': 'bc4139f6-ca63-47cd-967d-2435dc91d3f1', 'context': [<snowplow_tracker.self_describing_json.SelfDescribingJson object at 0x7f33765df1c0>]}
[0m00:41:49.420284 [info ] [MainThread]: Registered adapter: duckdb=1.8.0
[0m00:41:49.485638 [debug] [MainThread]: checksum: 2a6c64e758918535ccc035b9d143fb4c91b01df5f630e583361ba23a87d2a511, vars: {}, profile: , target: dev, version: 1.8.0
[0m00:41:49.566950 [debug] [MainThread]: Partial parsing enabled: 0 files deleted, 0 files added, 2 files changed.
[0m00:41:49.567479 [debug] [MainThread]: Partial parsing: updated file: lakehouse://models/silver/sales_silver.py
[0m00:41:49.567797 [debug] [MainThread]: Partial parsing: updated file: lakehouse://models/gold/sales_gold.py
[0m00:41:49.747295 [debug] [MainThread]: Sending event: {'category': 'dbt', 'action': 'load_project', 'label': 'bc4139f6-ca63-47cd-967d-2435dc91d3f1', 'context': [<snowplow_tracker.self_describing_json.SelfDescribingJson object at 0x7f336d3e1f90>]}
[0m00:41:49.811859 [debug] [MainThread]: Sending event: {'category': 'dbt', 'action': 'resource_counts', 'label': 'bc4139f6-ca63-47cd-967d-2435dc91d3f1', 'context': [<snowplow_tracker.self_describing_json.SelfDescribingJson object at 0x7f336cf8c5b0>]}
[0m00:41:49.812319 [info ] [MainThread]: Found 2 models, 421 macros
[0m00:41:49.812589 [debug] [MainThread]: Sending event: {'category': 'dbt', 'action': 'runnable_timing', 'label': 'bc4139f6-ca63-47cd-967d-2435dc91d3f1', 'context': [<snowplow_tracker.self_describing_json.SelfDescribingJson object at 0x7f336cf8e290>]}
[0m00:41:49.813848 [info ] [MainThread]: 
[0m00:41:49.814333 [debug] [MainThread]: Acquiring new duckdb connection 'master'
[0m00:41:49.819579 [debug] [ThreadPool]: Acquiring new duckdb connection 'list_lakehouse'
[0m00:41:49.917604 [debug] [ThreadPool]: Using duckdb connection "list_lakehouse"
[0m00:41:49.918008 [debug] [ThreadPool]: On list_lakehouse: /* {"app": "dbt", "dbt_version": "1.8.0", "profile_name": "lakehouse", "target_name": "dev", "connection_name": "list_lakehouse"} */

    
    select schema_name
    from system.information_schema.schemata
    
    where catalog_name = '"lakehouse"'
    
  
  
[0m00:41:49.918314 [debug] [ThreadPool]: Opening a new connection, currently in state init
[0m00:41:50.310850 [debug] [ThreadPool]: SQL status: OK in 0.392 seconds
[0m00:41:50.312561 [debug] [ThreadPool]: On list_lakehouse: Close
[0m00:41:50.314701 [debug] [ThreadPool]: Re-using an available connection from the pool (formerly list_lakehouse, now create_lakehouse_main)
[0m00:41:50.315146 [debug] [ThreadPool]: Creating schema "database: "lakehouse"
schema: "main"
"
[0m00:41:50.321475 [debug] [ThreadPool]: Using duckdb connection "create_lakehouse_main"
[0m00:41:50.321808 [debug] [ThreadPool]: On create_lakehouse_main: /* {"app": "dbt", "dbt_version": "1.8.0", "profile_name": "lakehouse", "target_name": "dev", "connection_name": "create_lakehouse_main"} */

    
        select type from duckdb_databases()
        where database_name='lakehouse'
        and type='sqlite'
    
  
[0m00:41:50.322048 [debug] [ThreadPool]: Opening a new connection, currently in state closed
[0m00:41:50.393218 [debug] [ThreadPool]: SQL status: OK in 0.071 seconds
[0m00:41:50.394397 [debug] [ThreadPool]: Using duckdb connection "create_lakehouse_main"
[0m00:41:50.394637 [debug] [ThreadPool]: On create_lakehouse_main: BEGIN
[0m00:41:50.394955 [debug] [ThreadPool]: SQL status: OK in 0.000 seconds
[0m00:41:50.395167 [debug] [ThreadPool]: Using duckdb connection "create_lakehouse_main"
[0m00:41:50.395363 [debug] [ThreadPool]: On create_lakehouse_main: /* {"app": "dbt", "dbt_version": "1.8.0", "profile_name": "lakehouse", "target_name": "dev", "connection_name": "create_lakehouse_main"} */

    
    
        create schema if not exists "lakehouse"."main"
    
[0m00:41:50.395683 [debug] [ThreadPool]: SQL status: OK in 0.000 seconds
[0m00:41:50.396258 [debug] [ThreadPool]: On create_lakehouse_main: COMMIT
[0m00:41:50.396467 [debug] [ThreadPool]: Using duckdb connection "create_lakehouse_main"
[0m00:41:50.396653 [debug] [ThreadPool]: On create_lakehouse_main: COMMIT
[0m00:41:50.396934 [debug] [ThreadPool]: SQL status: OK in 0.000 seconds
[0m00:41:50.397154 [debug] [ThreadPool]: On create_lakehouse_main: Close
[0m00:41:50.400086 [debug] [ThreadPool]: Re-using an available connection from the pool (formerly create_lakehouse_main, now list_lakehouse_main)
[0m00:41:50.404928 [debug] [ThreadPool]: Using duckdb connection "list_lakehouse_main"
[0m00:41:50.406440 [debug] [ThreadPool]: On list_lakehouse_main: BEGIN
[0m00:41:50.406717 [debug] [ThreadPool]: Opening a new connection, currently in state closed
[0m00:41:50.479566 [debug] [ThreadPool]: SQL status: OK in 0.073 seconds
[0m00:41:50.479978 [debug] [ThreadPool]: Using duckdb connection "list_lakehouse_main"
[0m00:41:50.480249 [debug] [ThreadPool]: On list_lakehouse_main: /* {"app": "dbt", "dbt_version": "1.8.0", "profile_name": "lakehouse", "target_name": "dev", "connection_name": "list_lakehouse_main"} */
select
      'lakehouse' as database,
      table_name as name,
      table_schema as schema,
      CASE table_type
        WHEN 'BASE TABLE' THEN 'table'
        WHEN 'VIEW' THEN 'view'
        WHEN 'LOCAL TEMPORARY' THEN 'table'
        END as type
    from system.information_schema.tables
    where table_schema = 'main'
    and table_catalog = 'lakehouse'
  
[0m00:41:50.502151 [debug] [ThreadPool]: SQL status: OK in 0.022 seconds
[0m00:41:50.503844 [debug] [ThreadPool]: On list_lakehouse_main: ROLLBACK
[0m00:41:50.505925 [debug] [ThreadPool]: Failed to rollback 'list_lakehouse_main'
[0m00:41:50.506312 [debug] [ThreadPool]: On list_lakehouse_main: Close
[0m00:41:50.510560 [debug] [MainThread]: Sending event: {'category': 'dbt', 'action': 'runnable_timing', 'label': 'bc4139f6-ca63-47cd-967d-2435dc91d3f1', 'context': [<snowplow_tracker.self_describing_json.SelfDescribingJson object at 0x7f33763e1450>]}
[0m00:41:50.511306 [debug] [MainThread]: Using duckdb connection "master"
[0m00:41:50.511592 [debug] [MainThread]: On master: BEGIN
[0m00:41:50.511798 [debug] [MainThread]: Opening a new connection, currently in state init
[0m00:41:50.585636 [debug] [MainThread]: SQL status: OK in 0.074 seconds
[0m00:41:50.586035 [debug] [MainThread]: On master: COMMIT
[0m00:41:50.586287 [debug] [MainThread]: Using duckdb connection "master"
[0m00:41:50.586512 [debug] [MainThread]: On master: COMMIT
[0m00:41:50.586988 [debug] [MainThread]: SQL status: OK in 0.000 seconds
[0m00:41:50.587282 [debug] [MainThread]: On master: Close
[0m00:41:50.588980 [info ] [MainThread]: Concurrency: 1 threads (target='dev')
[0m00:41:50.589325 [info ] [MainThread]: 
[0m00:41:50.590968 [debug] [Thread-1 (]: Began running node model.lakehouse.sales_silver
[0m00:41:50.591735 [info ] [Thread-1 (]: 1 of 2 START python table model main.sales_silver .............................. [RUN]
[0m00:41:50.592427 [debug] [Thread-1 (]: Acquiring new duckdb connection 'model.lakehouse.sales_silver'
[0m00:41:50.592678 [debug] [Thread-1 (]: Began compiling node model.lakehouse.sales_silver
[0m00:41:50.681809 [debug] [Thread-1 (]: Writing injected SQL for node "model.lakehouse.sales_silver"
[0m00:41:50.682392 [debug] [Thread-1 (]: Began executing node model.lakehouse.sales_silver
[0m00:41:50.708314 [debug] [Thread-1 (]: Writing runtime python for node "model.lakehouse.sales_silver"
[0m00:41:50.708869 [debug] [Thread-1 (]: Opening a new connection, currently in state init
[0m00:42:03.747964 [debug] [Thread-1 (]: On model.lakehouse.sales_silver: Close
[0m00:42:03.754793 [debug] [Thread-1 (]: Runtime Error in model sales_silver (models/silver/sales_silver.py)
  Python model failed:
  IO Error: Hit DeltaKernel FFI error (from: While trying to read from delta table: 's3://lakehouse/silver/sales_silver/'): Hit error: 8 (ObjectStoreError) with message (Error interacting with object store: Generic S3 error: Error after 10 retries in 12.896695072s, max_retries:10, retry_timeout:180s, source:error sending request for url (http://169.254.169.254/latest/api/token))
[0m00:42:03.756368 [debug] [Thread-1 (]: Sending event: {'category': 'dbt', 'action': 'run_model', 'label': 'bc4139f6-ca63-47cd-967d-2435dc91d3f1', 'context': [<snowplow_tracker.self_describing_json.SelfDescribingJson object at 0x7f336ce0b910>]}
[0m00:42:03.756901 [error] [Thread-1 (]: 1 of 2 ERROR creating python table model main.sales_silver ..................... [[31mERROR[0m in 13.16s]
[0m00:42:03.757373 [debug] [Thread-1 (]: Finished running node model.lakehouse.sales_silver
[0m00:42:03.758756 [debug] [Thread-1 (]: Began running node model.lakehouse.sales_gold
[0m00:42:03.759263 [info ] [Thread-1 (]: 2 of 2 SKIP relation main.sales_gold ........................................... [[33mSKIP[0m]
[0m00:42:03.759731 [debug] [Thread-1 (]: Finished running node model.lakehouse.sales_gold
[0m00:42:03.760749 [debug] [MainThread]: Using duckdb connection "master"
[0m00:42:03.761048 [debug] [MainThread]: On master: BEGIN
[0m00:42:03.761301 [debug] [MainThread]: Opening a new connection, currently in state closed
[0m00:42:03.831866 [debug] [MainThread]: SQL status: OK in 0.070 seconds
[0m00:42:03.832356 [debug] [MainThread]: On master: COMMIT
[0m00:42:03.832906 [debug] [MainThread]: Using duckdb connection "master"
[0m00:42:03.833251 [debug] [MainThread]: On master: COMMIT
[0m00:42:03.833674 [debug] [MainThread]: SQL status: OK in 0.000 seconds
[0m00:42:03.833920 [debug] [MainThread]: On master: Close
[0m00:42:03.835763 [debug] [MainThread]: Connection 'master' was properly closed.
[0m00:42:03.836120 [debug] [MainThread]: Connection 'list_lakehouse_main' was properly closed.
[0m00:42:03.836377 [debug] [MainThread]: Connection 'model.lakehouse.sales_silver' was properly closed.
[0m00:42:03.836737 [info ] [MainThread]: 
[0m00:42:03.837081 [info ] [MainThread]: Finished running 2 table models in 0 hours 0 minutes and 14.02 seconds (14.02s).
[0m00:42:03.837871 [debug] [MainThread]: Command end result
[0m00:42:03.861179 [info ] [MainThread]: 
[0m00:42:03.861580 [info ] [MainThread]: [31mCompleted with 1 error and 0 warnings:[0m
[0m00:42:03.861865 [info ] [MainThread]: 
[0m00:42:03.862223 [error] [MainThread]:   Runtime Error in model sales_silver (models/silver/sales_silver.py)
  Python model failed:
  IO Error: Hit DeltaKernel FFI error (from: While trying to read from delta table: 's3://lakehouse/silver/sales_silver/'): Hit error: 8 (ObjectStoreError) with message (Error interacting with object store: Generic S3 error: Error after 10 retries in 12.896695072s, max_retries:10, retry_timeout:180s, source:error sending request for url (http://169.254.169.254/latest/api/token))
[0m00:42:03.862469 [info ] [MainThread]: 
[0m00:42:03.862723 [info ] [MainThread]: Done. PASS=0 WARN=0 ERROR=1 SKIP=1 TOTAL=2
[0m00:42:03.863782 [debug] [MainThread]: Resource report: {"command_name": "run", "command_wall_clock_time": 14.709636, "process_user_time": 5.948218, "process_kernel_time": 0.405136, "process_mem_max_rss": "313536", "process_in_blocks": "33000", "process_out_blocks": "2544", "command_success": false}
[0m00:42:03.864236 [debug] [MainThread]: Command `dbt run` failed at 00:42:03.864119 after 14.71 seconds
[0m00:42:03.864612 [debug] [MainThread]: Sending event: {'category': 'dbt', 'action': 'invocation', 'label': 'end', 'context': [<snowplow_tracker.self_describing_json.SelfDescribingJson object at 0x7f33784e3d90>, <snowplow_tracker.self_describing_json.SelfDescribingJson object at 0x7f3376b5ee90>, <snowplow_tracker.self_describing_json.SelfDescribingJson object at 0x7f32f6858610>]}
[0m00:42:03.864942 [debug] [MainThread]: Flushing usage events
[0m00:45:16.405421 [debug] [MainThread]: Sending event: {'category': 'dbt', 'action': 'invocation', 'label': 'start', 'context': [<snowplow_tracker.self_describing_json.SelfDescribingJson object at 0x7f3d690ffdc0>, <snowplow_tracker.self_describing_json.SelfDescribingJson object at 0x7f3d67052ec0>, <snowplow_tracker.self_describing_json.SelfDescribingJson object at 0x7f3d67052e60>]}


============================== 00:45:16.407659 | 3db04fad-0983-48f0-8c93-3075d1513e09 ==============================
[0m00:45:16.407659 [info ] [MainThread]: Running with dbt=1.8.0
[0m00:45:16.408131 [debug] [MainThread]: running dbt with arguments {'printer_width': '80', 'indirect_selection': 'eager', 'log_cache_events': 'False', 'write_json': 'True', 'partial_parse': 'True', 'cache_selected_only': 'False', 'warn_error': 'None', 'fail_fast': 'False', 'version_check': 'True', 'log_path': '/workspace/dbt_project/logs', 'debug': 'False', 'profiles_dir': '.', 'use_colors': 'True', 'use_experimental_parser': 'False', 'no_print': 'None', 'quiet': 'False', 'log_format': 'default', 'static_parser': 'True', 'invocation_command': 'dbt run --profiles-dir . --target dev', 'warn_error_options': 'WarnErrorOptions(include=[], exclude=[])', 'target_path': 'None', 'introspect': 'True', 'send_anonymous_usage_stats': 'True'}
[0m00:45:16.570264 [debug] [MainThread]: Sending event: {'category': 'dbt', 'action': 'project_id', 'label': '3db04fad-0983-48f0-8c93-3075d1513e09', 'context': [<snowplow_tracker.self_describing_json.SelfDescribingJson object at 0x7f3d5defd750>]}
[0m00:45:16.615162 [debug] [MainThread]: Sending event: {'category': 'dbt', 'action': 'adapter_info', 'label': '3db04fad-0983-48f0-8c93-3075d1513e09', 'context': [<snowplow_tracker.self_describing_json.SelfDescribingJson object at 0x7f3d670b7790>]}
[0m00:45:16.616274 [info ] [MainThread]: Registered adapter: duckdb=1.8.0
[0m00:45:16.681585 [debug] [MainThread]: checksum: 2a6c64e758918535ccc035b9d143fb4c91b01df5f630e583361ba23a87d2a511, vars: {}, profile: , target: dev, version: 1.8.0
[0m00:45:16.763690 [debug] [MainThread]: Partial parsing enabled: 0 files deleted, 0 files added, 2 files changed.
[0m00:45:16.764202 [debug] [MainThread]: Partial parsing: updated file: lakehouse://models/silver/sales_silver.py
[0m00:45:16.764505 [debug] [MainThread]: Partial parsing: updated file: lakehouse://models/gold/sales_gold.py
[0m00:45:16.942946 [debug] [MainThread]: Sending event: {'category': 'dbt', 'action': 'load_project', 'label': '3db04fad-0983-48f0-8c93-3075d1513e09', 'context': [<snowplow_tracker.self_describing_json.SelfDescribingJson object at 0x7f3d5da7eb60>]}
[0m00:45:17.003471 [debug] [MainThread]: Sending event: {'category': 'dbt', 'action': 'resource_counts', 'label': '3db04fad-0983-48f0-8c93-3075d1513e09', 'context': [<snowplow_tracker.self_describing_json.SelfDescribingJson object at 0x7f3d5de3c400>]}
[0m00:45:17.003866 [info ] [MainThread]: Found 2 models, 421 macros
[0m00:45:17.004120 [debug] [MainThread]: Sending event: {'category': 'dbt', 'action': 'runnable_timing', 'label': '3db04fad-0983-48f0-8c93-3075d1513e09', 'context': [<snowplow_tracker.self_describing_json.SelfDescribingJson object at 0x7f3d5de3dde0>]}
[0m00:45:17.005268 [info ] [MainThread]: 
[0m00:45:17.005820 [debug] [MainThread]: Acquiring new duckdb connection 'master'
[0m00:45:17.010380 [debug] [ThreadPool]: Acquiring new duckdb connection 'list_lakehouse'
[0m00:45:17.097635 [debug] [ThreadPool]: Using duckdb connection "list_lakehouse"
[0m00:45:17.098011 [debug] [ThreadPool]: On list_lakehouse: /* {"app": "dbt", "dbt_version": "1.8.0", "profile_name": "lakehouse", "target_name": "dev", "connection_name": "list_lakehouse"} */

    
    select schema_name
    from system.information_schema.schemata
    
    where catalog_name = '"lakehouse"'
    
  
  
[0m00:45:17.098245 [debug] [ThreadPool]: Opening a new connection, currently in state init
[0m00:45:17.469962 [debug] [ThreadPool]: SQL status: OK in 0.372 seconds
[0m00:45:17.471223 [debug] [ThreadPool]: On list_lakehouse: Close
[0m00:45:17.473980 [debug] [ThreadPool]: Re-using an available connection from the pool (formerly list_lakehouse, now create_lakehouse_main)
[0m00:45:17.474438 [debug] [ThreadPool]: Creating schema "database: "lakehouse"
schema: "main"
"
[0m00:45:17.480373 [debug] [ThreadPool]: Using duckdb connection "create_lakehouse_main"
[0m00:45:17.480692 [debug] [ThreadPool]: On create_lakehouse_main: /* {"app": "dbt", "dbt_version": "1.8.0", "profile_name": "lakehouse", "target_name": "dev", "connection_name": "create_lakehouse_main"} */

    
        select type from duckdb_databases()
        where database_name='lakehouse'
        and type='sqlite'
    
  
[0m00:45:17.480906 [debug] [ThreadPool]: Opening a new connection, currently in state closed
[0m00:45:17.550303 [debug] [ThreadPool]: SQL status: OK in 0.069 seconds
[0m00:45:17.551687 [debug] [ThreadPool]: Using duckdb connection "create_lakehouse_main"
[0m00:45:17.552146 [debug] [ThreadPool]: On create_lakehouse_main: BEGIN
[0m00:45:17.552963 [debug] [ThreadPool]: SQL status: OK in 0.000 seconds
[0m00:45:17.553206 [debug] [ThreadPool]: Using duckdb connection "create_lakehouse_main"
[0m00:45:17.553412 [debug] [ThreadPool]: On create_lakehouse_main: /* {"app": "dbt", "dbt_version": "1.8.0", "profile_name": "lakehouse", "target_name": "dev", "connection_name": "create_lakehouse_main"} */

    
    
        create schema if not exists "lakehouse"."main"
    
[0m00:45:17.553760 [debug] [ThreadPool]: SQL status: OK in 0.000 seconds
[0m00:45:17.554362 [debug] [ThreadPool]: On create_lakehouse_main: COMMIT
[0m00:45:17.554571 [debug] [ThreadPool]: Using duckdb connection "create_lakehouse_main"
[0m00:45:17.554773 [debug] [ThreadPool]: On create_lakehouse_main: COMMIT
[0m00:45:17.555288 [debug] [ThreadPool]: SQL status: OK in 0.000 seconds
[0m00:45:17.555619 [debug] [ThreadPool]: On create_lakehouse_main: Close
[0m00:45:17.558352 [debug] [ThreadPool]: Re-using an available connection from the pool (formerly create_lakehouse_main, now list_lakehouse_main)
[0m00:45:17.563346 [debug] [ThreadPool]: Using duckdb connection "list_lakehouse_main"
[0m00:45:17.564521 [debug] [ThreadPool]: On list_lakehouse_main: BEGIN
[0m00:45:17.564734 [debug] [ThreadPool]: Opening a new connection, currently in state closed
[0m00:45:17.635740 [debug] [ThreadPool]: SQL status: OK in 0.071 seconds
[0m00:45:17.636126 [debug] [ThreadPool]: Using duckdb connection "list_lakehouse_main"
[0m00:45:17.636392 [debug] [ThreadPool]: On list_lakehouse_main: /* {"app": "dbt", "dbt_version": "1.8.0", "profile_name": "lakehouse", "target_name": "dev", "connection_name": "list_lakehouse_main"} */
select
      'lakehouse' as database,
      table_name as name,
      table_schema as schema,
      CASE table_type
        WHEN 'BASE TABLE' THEN 'table'
        WHEN 'VIEW' THEN 'view'
        WHEN 'LOCAL TEMPORARY' THEN 'table'
        END as type
    from system.information_schema.tables
    where table_schema = 'main'
    and table_catalog = 'lakehouse'
  
[0m00:45:17.655521 [debug] [ThreadPool]: SQL status: OK in 0.019 seconds
[0m00:45:17.656878 [debug] [ThreadPool]: On list_lakehouse_main: ROLLBACK
[0m00:45:17.658836 [debug] [ThreadPool]: Failed to rollback 'list_lakehouse_main'
[0m00:45:17.659072 [debug] [ThreadPool]: On list_lakehouse_main: Close
[0m00:45:17.662459 [debug] [MainThread]: Sending event: {'category': 'dbt', 'action': 'runnable_timing', 'label': '3db04fad-0983-48f0-8c93-3075d1513e09', 'context': [<snowplow_tracker.self_describing_json.SelfDescribingJson object at 0x7f3d66ff15d0>]}
[0m00:45:17.662837 [debug] [MainThread]: Using duckdb connection "master"
[0m00:45:17.663048 [debug] [MainThread]: On master: BEGIN
[0m00:45:17.663248 [debug] [MainThread]: Opening a new connection, currently in state init
[0m00:45:17.732293 [debug] [MainThread]: SQL status: OK in 0.069 seconds
[0m00:45:17.732698 [debug] [MainThread]: On master: COMMIT
[0m00:45:17.732921 [debug] [MainThread]: Using duckdb connection "master"
[0m00:45:17.733122 [debug] [MainThread]: On master: COMMIT
[0m00:45:17.733455 [debug] [MainThread]: SQL status: OK in 0.000 seconds
[0m00:45:17.733688 [debug] [MainThread]: On master: Close
[0m00:45:17.735313 [info ] [MainThread]: Concurrency: 1 threads (target='dev')
[0m00:45:17.735609 [info ] [MainThread]: 
[0m00:45:17.737587 [debug] [Thread-1 (]: Began running node model.lakehouse.sales_silver
[0m00:45:17.738055 [info ] [Thread-1 (]: 1 of 2 START python table model main.sales_silver .............................. [RUN]
[0m00:45:17.738580 [debug] [Thread-1 (]: Acquiring new duckdb connection 'model.lakehouse.sales_silver'
[0m00:45:17.739072 [debug] [Thread-1 (]: Began compiling node model.lakehouse.sales_silver
[0m00:45:17.825606 [debug] [Thread-1 (]: Writing injected SQL for node "model.lakehouse.sales_silver"
[0m00:45:17.826164 [debug] [Thread-1 (]: Began executing node model.lakehouse.sales_silver
[0m00:45:17.853027 [debug] [Thread-1 (]: Writing runtime python for node "model.lakehouse.sales_silver"
[0m00:45:17.853588 [debug] [Thread-1 (]: Opening a new connection, currently in state init
[0m00:45:18.051535 [debug] [Thread-1 (]: Using duckdb connection "model.lakehouse.sales_silver"
[0m00:45:18.051900 [debug] [Thread-1 (]: On model.lakehouse.sales_silver: BEGIN
[0m00:45:18.052385 [debug] [Thread-1 (]: SQL status: OK in 0.000 seconds
[0m00:45:18.052632 [debug] [Thread-1 (]: Using duckdb connection "model.lakehouse.sales_silver"
[0m00:45:18.052857 [debug] [Thread-1 (]: On model.lakehouse.sales_silver: /* {"app": "dbt", "dbt_version": "1.8.0", "profile_name": "lakehouse", "target_name": "dev", "node_id": "model.lakehouse.sales_silver"} */
alter view "lakehouse"."main"."sales_silver" rename to "sales_silver__dbt_backup"
[0m00:45:18.053275 [debug] [Thread-1 (]: SQL status: OK in 0.000 seconds
[0m00:45:18.055614 [debug] [Thread-1 (]: Using duckdb connection "model.lakehouse.sales_silver"
[0m00:45:18.056057 [debug] [Thread-1 (]: On model.lakehouse.sales_silver: /* {"app": "dbt", "dbt_version": "1.8.0", "profile_name": "lakehouse", "target_name": "dev", "node_id": "model.lakehouse.sales_silver"} */
alter table "lakehouse"."main"."sales_silver__dbt_tmp" rename to "sales_silver"
[0m00:45:18.056827 [debug] [Thread-1 (]: SQL status: OK in 0.000 seconds
[0m00:45:18.072186 [debug] [Thread-1 (]: On model.lakehouse.sales_silver: COMMIT
[0m00:45:18.072531 [debug] [Thread-1 (]: Using duckdb connection "model.lakehouse.sales_silver"
[0m00:45:18.072782 [debug] [Thread-1 (]: On model.lakehouse.sales_silver: COMMIT
[0m00:45:18.073818 [debug] [Thread-1 (]: SQL status: OK in 0.001 seconds
[0m00:45:18.078003 [debug] [Thread-1 (]: Using duckdb connection "model.lakehouse.sales_silver"
[0m00:45:18.078327 [debug] [Thread-1 (]: On model.lakehouse.sales_silver: /* {"app": "dbt", "dbt_version": "1.8.0", "profile_name": "lakehouse", "target_name": "dev", "node_id": "model.lakehouse.sales_silver"} */
drop view if exists "lakehouse"."main"."sales_silver__dbt_backup" cascade
[0m00:45:18.079267 [debug] [Thread-1 (]: SQL status: OK in 0.001 seconds
[0m00:45:18.082299 [debug] [Thread-1 (]: On model.lakehouse.sales_silver: Close
[0m00:45:18.089923 [debug] [Thread-1 (]: Sending event: {'category': 'dbt', 'action': 'run_model', 'label': '3db04fad-0983-48f0-8c93-3075d1513e09', 'context': [<snowplow_tracker.self_describing_json.SelfDescribingJson object at 0x7f3d6a2523b0>]}
[0m00:45:18.090709 [info ] [Thread-1 (]: 1 of 2 OK created python table model main.sales_silver ......................... [[32mOK[0m in 0.35s]
[0m00:45:18.091432 [debug] [Thread-1 (]: Finished running node model.lakehouse.sales_silver
[0m00:45:18.092228 [debug] [Thread-1 (]: Began running node model.lakehouse.sales_gold
[0m00:45:18.092686 [info ] [Thread-1 (]: 2 of 2 START python table model main.sales_gold ................................ [RUN]
[0m00:45:18.093054 [debug] [Thread-1 (]: Re-using an available connection from the pool (formerly model.lakehouse.sales_silver, now model.lakehouse.sales_gold)
[0m00:45:18.093327 [debug] [Thread-1 (]: Began compiling node model.lakehouse.sales_gold
[0m00:45:18.096085 [debug] [Thread-1 (]: Writing injected SQL for node "model.lakehouse.sales_gold"
[0m00:45:18.096693 [debug] [Thread-1 (]: Began executing node model.lakehouse.sales_gold
[0m00:45:18.099842 [debug] [Thread-1 (]: Writing runtime python for node "model.lakehouse.sales_gold"
[0m00:45:18.100393 [debug] [Thread-1 (]: Opening a new connection, currently in state closed
[0m00:45:18.320975 [debug] [Thread-1 (]: Using duckdb connection "model.lakehouse.sales_gold"
[0m00:45:18.322125 [debug] [Thread-1 (]: On model.lakehouse.sales_gold: BEGIN
[0m00:45:18.323685 [debug] [Thread-1 (]: SQL status: OK in 0.001 seconds
[0m00:45:18.324460 [debug] [Thread-1 (]: Using duckdb connection "model.lakehouse.sales_gold"
[0m00:45:18.324965 [debug] [Thread-1 (]: On model.lakehouse.sales_gold: /* {"app": "dbt", "dbt_version": "1.8.0", "profile_name": "lakehouse", "target_name": "dev", "node_id": "model.lakehouse.sales_gold"} */
alter view "lakehouse"."main"."sales_gold" rename to "sales_gold__dbt_backup"
[0m00:45:18.326391 [debug] [Thread-1 (]: SQL status: OK in 0.001 seconds
[0m00:45:18.332877 [debug] [Thread-1 (]: Using duckdb connection "model.lakehouse.sales_gold"
[0m00:45:18.333832 [debug] [Thread-1 (]: On model.lakehouse.sales_gold: /* {"app": "dbt", "dbt_version": "1.8.0", "profile_name": "lakehouse", "target_name": "dev", "node_id": "model.lakehouse.sales_gold"} */
alter table "lakehouse"."main"."sales_gold__dbt_tmp" rename to "sales_gold"
[0m00:45:18.336109 [debug] [Thread-1 (]: SQL status: OK in 0.001 seconds
[0m00:45:18.339234 [debug] [Thread-1 (]: On model.lakehouse.sales_gold: COMMIT
[0m00:45:18.340086 [debug] [Thread-1 (]: Using duckdb connection "model.lakehouse.sales_gold"
[0m00:45:18.340745 [debug] [Thread-1 (]: On model.lakehouse.sales_gold: COMMIT
[0m00:45:18.343264 [debug] [Thread-1 (]: SQL status: OK in 0.002 seconds
[0m00:45:18.347688 [debug] [Thread-1 (]: Using duckdb connection "model.lakehouse.sales_gold"
[0m00:45:18.348620 [debug] [Thread-1 (]: On model.lakehouse.sales_gold: /* {"app": "dbt", "dbt_version": "1.8.0", "profile_name": "lakehouse", "target_name": "dev", "node_id": "model.lakehouse.sales_gold"} */
drop view if exists "lakehouse"."main"."sales_gold__dbt_backup" cascade
[0m00:45:18.350660 [debug] [Thread-1 (]: SQL status: OK in 0.001 seconds
[0m00:45:18.353097 [debug] [Thread-1 (]: On model.lakehouse.sales_gold: Close
[0m00:45:18.365845 [debug] [Thread-1 (]: Sending event: {'category': 'dbt', 'action': 'run_model', 'label': '3db04fad-0983-48f0-8c93-3075d1513e09', 'context': [<snowplow_tracker.self_describing_json.SelfDescribingJson object at 0x7f3ce746e500>]}
[0m00:45:18.366662 [info ] [Thread-1 (]: 2 of 2 OK created python table model main.sales_gold ........................... [[32mOK[0m in 0.27s]
[0m00:45:18.367289 [debug] [Thread-1 (]: Finished running node model.lakehouse.sales_gold
[0m00:45:18.368533 [debug] [MainThread]: Using duckdb connection "master"
[0m00:45:18.369000 [debug] [MainThread]: On master: BEGIN
[0m00:45:18.369349 [debug] [MainThread]: Opening a new connection, currently in state closed
[0m00:45:18.443221 [debug] [MainThread]: SQL status: OK in 0.074 seconds
[0m00:45:18.443634 [debug] [MainThread]: On master: COMMIT
[0m00:45:18.443902 [debug] [MainThread]: Using duckdb connection "master"
[0m00:45:18.444142 [debug] [MainThread]: On master: COMMIT
[0m00:45:18.444724 [debug] [MainThread]: SQL status: OK in 0.000 seconds
[0m00:45:18.445081 [debug] [MainThread]: On master: Close
[0m00:45:18.447633 [debug] [MainThread]: Connection 'master' was properly closed.
[0m00:45:18.447991 [debug] [MainThread]: Connection 'list_lakehouse_main' was properly closed.
[0m00:45:18.448215 [debug] [MainThread]: Connection 'model.lakehouse.sales_gold' was properly closed.
[0m00:45:18.448528 [info ] [MainThread]: 
[0m00:45:18.448824 [info ] [MainThread]: Finished running 2 table models in 0 hours 0 minutes and 1.44 seconds (1.44s).
[0m00:45:18.449588 [debug] [MainThread]: Command end result
[0m00:45:18.472672 [info ] [MainThread]: 
[0m00:45:18.473272 [info ] [MainThread]: [32mCompleted successfully[0m
[0m00:45:18.473661 [info ] [MainThread]: 
[0m00:45:18.474009 [info ] [MainThread]: Done. PASS=2 WARN=0 ERROR=0 SKIP=0 TOTAL=2
[0m00:45:18.474881 [debug] [MainThread]: Resource report: {"command_name": "run", "command_success": true, "command_wall_clock_time": 2.1108568, "process_user_time": 6.71823, "process_kernel_time": 0.455048, "process_mem_max_rss": "359616", "process_in_blocks": "62928", "process_out_blocks": "4736"}
[0m00:45:18.475259 [debug] [MainThread]: Command `dbt run` succeeded at 00:45:18.475172 after 2.11 seconds
[0m00:45:18.475540 [debug] [MainThread]: Sending event: {'category': 'dbt', 'action': 'invocation', 'label': 'end', 'context': [<snowplow_tracker.self_describing_json.SelfDescribingJson object at 0x7f3d690ffdc0>, <snowplow_tracker.self_describing_json.SelfDescribingJson object at 0x7f3d68f4e0e0>, <snowplow_tracker.self_describing_json.SelfDescribingJson object at 0x7f3d5db6ab30>]}
[0m00:45:18.475808 [debug] [MainThread]: Flushing usage events
[0m01:52:29.160365 [debug] [MainThread]: Sending event: {'category': 'dbt', 'action': 'invocation', 'label': 'start', 'context': [<snowplow_tracker.self_describing_json.SelfDescribingJson object at 0x7fe715cdbc70>, <snowplow_tracker.self_describing_json.SelfDescribingJson object at 0x7fe713c2eda0>, <snowplow_tracker.self_describing_json.SelfDescribingJson object at 0x7fe713c2ed40>]}


============================== 01:52:29.163606 | 445150d8-3bd2-48ab-8462-4b0f6d7afe29 ==============================
[0m01:52:29.163606 [info ] [MainThread]: Running with dbt=1.8.0
[0m01:52:29.164248 [debug] [MainThread]: running dbt with arguments {'printer_width': '80', 'indirect_selection': 'eager', 'log_cache_events': 'False', 'write_json': 'True', 'partial_parse': 'True', 'cache_selected_only': 'False', 'profiles_dir': '/workspace/dbt_project', 'version_check': 'True', 'fail_fast': 'False', 'log_path': '/workspace/dbt_project/logs', 'warn_error': 'None', 'debug': 'False', 'use_colors': 'True', 'use_experimental_parser': 'False', 'no_print': 'None', 'quiet': 'False', 'warn_error_options': 'WarnErrorOptions(include=[], exclude=[])', 'invocation_command': 'dbt run', 'log_format': 'default', 'introspect': 'True', 'target_path': 'None', 'static_parser': 'True', 'send_anonymous_usage_stats': 'True'}
[0m01:52:29.410440 [debug] [MainThread]: Sending event: {'category': 'dbt', 'action': 'project_id', 'label': '445150d8-3bd2-48ab-8462-4b0f6d7afe29', 'context': [<snowplow_tracker.self_describing_json.SelfDescribingJson object at 0x7fe713dfd6f0>]}
[0m01:52:29.479895 [debug] [MainThread]: Sending event: {'category': 'dbt', 'action': 'adapter_info', 'label': '445150d8-3bd2-48ab-8462-4b0f6d7afe29', 'context': [<snowplow_tracker.self_describing_json.SelfDescribingJson object at 0x7fe713bd2140>]}
[0m01:52:29.481022 [info ] [MainThread]: Registered adapter: duckdb=1.8.0
[0m01:52:29.580406 [debug] [MainThread]: checksum: dbb12d416fdb55e3665e4828703bbedf40c5c90ed7ca6ff39bbbfb29b12b0a92, vars: {}, profile: , target: , version: 1.8.0
[0m01:52:29.670035 [info ] [MainThread]: Unable to do partial parsing because config vars, config profile, or config target have changed
[0m01:52:29.670610 [debug] [MainThread]: previous checksum: dbb12d416fdb55e3665e4828703bbedf40c5c90ed7ca6ff39bbbfb29b12b0a92, current checksum: 2a6c64e758918535ccc035b9d143fb4c91b01df5f630e583361ba23a87d2a511
[0m01:52:29.672082 [debug] [MainThread]: Sending event: {'category': 'dbt', 'action': 'partial_parser', 'label': '445150d8-3bd2-48ab-8462-4b0f6d7afe29', 'context': [<snowplow_tracker.self_describing_json.SelfDescribingJson object at 0x7fe7149a0df0>]}
[0m01:52:30.495533 [debug] [MainThread]: Sending event: {'category': 'dbt', 'action': 'load_project', 'label': '445150d8-3bd2-48ab-8462-4b0f6d7afe29', 'context': [<snowplow_tracker.self_describing_json.SelfDescribingJson object at 0x7fe70a7cc040>]}
[0m01:52:30.556837 [debug] [MainThread]: Sending event: {'category': 'dbt', 'action': 'resource_counts', 'label': '445150d8-3bd2-48ab-8462-4b0f6d7afe29', 'context': [<snowplow_tracker.self_describing_json.SelfDescribingJson object at 0x7fe70a7f31c0>]}
[0m01:52:30.557310 [info ] [MainThread]: Found 2 models, 421 macros
[0m01:52:30.557597 [debug] [MainThread]: Sending event: {'category': 'dbt', 'action': 'runnable_timing', 'label': '445150d8-3bd2-48ab-8462-4b0f6d7afe29', 'context': [<snowplow_tracker.self_describing_json.SelfDescribingJson object at 0x7fe70a7f2f80>]}
[0m01:52:30.559176 [info ] [MainThread]: 
[0m01:52:30.559949 [debug] [MainThread]: Acquiring new duckdb connection 'master'
[0m01:52:30.564837 [debug] [ThreadPool]: Acquiring new duckdb connection 'list_lakehouse'
[0m01:52:30.610454 [debug] [ThreadPool]: Using duckdb connection "list_lakehouse"
[0m01:52:30.611087 [debug] [ThreadPool]: On list_lakehouse: /* {"app": "dbt", "dbt_version": "1.8.0", "profile_name": "lakehouse", "target_name": "dev", "connection_name": "list_lakehouse"} */

    
    select schema_name
    from system.information_schema.schemata
    
    where catalog_name = '"lakehouse"'
    
  
  
[0m01:52:30.611555 [debug] [ThreadPool]: Opening a new connection, currently in state init
[0m01:52:31.058654 [debug] [ThreadPool]: SQL status: OK in 0.447 seconds
[0m01:52:31.060463 [debug] [ThreadPool]: On list_lakehouse: Close
[0m01:52:31.062496 [debug] [ThreadPool]: Re-using an available connection from the pool (formerly list_lakehouse, now create_lakehouse_main)
[0m01:52:31.062886 [debug] [ThreadPool]: Creating schema "database: "lakehouse"
schema: "main"
"
[0m01:52:31.068842 [debug] [ThreadPool]: Using duckdb connection "create_lakehouse_main"
[0m01:52:31.069142 [debug] [ThreadPool]: On create_lakehouse_main: /* {"app": "dbt", "dbt_version": "1.8.0", "profile_name": "lakehouse", "target_name": "dev", "connection_name": "create_lakehouse_main"} */

    
        select type from duckdb_databases()
        where database_name='lakehouse'
        and type='sqlite'
    
  
[0m01:52:31.069393 [debug] [ThreadPool]: Opening a new connection, currently in state closed
[0m01:52:31.146513 [debug] [ThreadPool]: SQL status: OK in 0.077 seconds
[0m01:52:31.147781 [debug] [ThreadPool]: Using duckdb connection "create_lakehouse_main"
[0m01:52:31.148024 [debug] [ThreadPool]: On create_lakehouse_main: BEGIN
[0m01:52:31.148399 [debug] [ThreadPool]: SQL status: OK in 0.000 seconds
[0m01:52:31.148701 [debug] [ThreadPool]: Using duckdb connection "create_lakehouse_main"
[0m01:52:31.148915 [debug] [ThreadPool]: On create_lakehouse_main: /* {"app": "dbt", "dbt_version": "1.8.0", "profile_name": "lakehouse", "target_name": "dev", "connection_name": "create_lakehouse_main"} */

    
    
        create schema if not exists "lakehouse"."main"
    
[0m01:52:31.149294 [debug] [ThreadPool]: SQL status: OK in 0.000 seconds
[0m01:52:31.150046 [debug] [ThreadPool]: On create_lakehouse_main: COMMIT
[0m01:52:31.150369 [debug] [ThreadPool]: Using duckdb connection "create_lakehouse_main"
[0m01:52:31.150620 [debug] [ThreadPool]: On create_lakehouse_main: COMMIT
[0m01:52:31.151081 [debug] [ThreadPool]: SQL status: OK in 0.000 seconds
[0m01:52:31.151327 [debug] [ThreadPool]: On create_lakehouse_main: Close
[0m01:52:31.154010 [debug] [ThreadPool]: Re-using an available connection from the pool (formerly create_lakehouse_main, now list_lakehouse_main)
[0m01:52:31.159619 [debug] [ThreadPool]: Using duckdb connection "list_lakehouse_main"
[0m01:52:31.159899 [debug] [ThreadPool]: On list_lakehouse_main: BEGIN
[0m01:52:31.160089 [debug] [ThreadPool]: Opening a new connection, currently in state closed
[0m01:52:31.233020 [debug] [ThreadPool]: SQL status: OK in 0.073 seconds
[0m01:52:31.233585 [debug] [ThreadPool]: Using duckdb connection "list_lakehouse_main"
[0m01:52:31.233890 [debug] [ThreadPool]: On list_lakehouse_main: /* {"app": "dbt", "dbt_version": "1.8.0", "profile_name": "lakehouse", "target_name": "dev", "connection_name": "list_lakehouse_main"} */
select
      'lakehouse' as database,
      table_name as name,
      table_schema as schema,
      CASE table_type
        WHEN 'BASE TABLE' THEN 'table'
        WHEN 'VIEW' THEN 'view'
        WHEN 'LOCAL TEMPORARY' THEN 'table'
        END as type
    from system.information_schema.tables
    where table_schema = 'main'
    and table_catalog = 'lakehouse'
  
[0m01:52:31.252439 [debug] [ThreadPool]: SQL status: OK in 0.018 seconds
[0m01:52:31.257002 [debug] [ThreadPool]: On list_lakehouse_main: ROLLBACK
[0m01:52:31.257506 [debug] [ThreadPool]: Failed to rollback 'list_lakehouse_main'
[0m01:52:31.257719 [debug] [ThreadPool]: On list_lakehouse_main: Close
[0m01:52:31.260742 [debug] [MainThread]: Sending event: {'category': 'dbt', 'action': 'runnable_timing', 'label': '445150d8-3bd2-48ab-8462-4b0f6d7afe29', 'context': [<snowplow_tracker.self_describing_json.SelfDescribingJson object at 0x7fe70a7ef580>]}
[0m01:52:31.261134 [debug] [MainThread]: Using duckdb connection "master"
[0m01:52:31.261524 [debug] [MainThread]: On master: BEGIN
[0m01:52:31.261869 [debug] [MainThread]: Opening a new connection, currently in state init
[0m01:52:31.332121 [debug] [MainThread]: SQL status: OK in 0.070 seconds
[0m01:52:31.332545 [debug] [MainThread]: On master: COMMIT
[0m01:52:31.332757 [debug] [MainThread]: Using duckdb connection "master"
[0m01:52:31.332959 [debug] [MainThread]: On master: COMMIT
[0m01:52:31.333272 [debug] [MainThread]: SQL status: OK in 0.000 seconds
[0m01:52:31.333498 [debug] [MainThread]: On master: Close
[0m01:52:31.335107 [info ] [MainThread]: Concurrency: 1 threads (target='dev')
[0m01:52:31.335408 [info ] [MainThread]: 
[0m01:52:31.336932 [debug] [Thread-1 (]: Began running node model.lakehouse.sales_silver
[0m01:52:31.337382 [info ] [Thread-1 (]: 1 of 2 START sql external model main.sales_silver .............................. [RUN]
[0m01:52:31.338123 [debug] [Thread-1 (]: Acquiring new duckdb connection 'model.lakehouse.sales_silver'
[0m01:52:31.338512 [debug] [Thread-1 (]: Began compiling node model.lakehouse.sales_silver
[0m01:52:31.346909 [debug] [Thread-1 (]: Writing injected SQL for node "model.lakehouse.sales_silver"
[0m01:52:31.347510 [debug] [Thread-1 (]: Began executing node model.lakehouse.sales_silver
[0m01:52:31.390654 [debug] [Thread-1 (]: Using duckdb connection "model.lakehouse.sales_silver"
[0m01:52:31.391036 [debug] [Thread-1 (]: On model.lakehouse.sales_silver: BEGIN
[0m01:52:31.391288 [debug] [Thread-1 (]: Opening a new connection, currently in state init
[0m01:52:31.468950 [debug] [Thread-1 (]: SQL status: OK in 0.078 seconds
[0m01:52:31.469357 [debug] [Thread-1 (]: Using duckdb connection "model.lakehouse.sales_silver"
[0m01:52:31.469603 [debug] [Thread-1 (]: On model.lakehouse.sales_silver: /* {"app": "dbt", "dbt_version": "1.8.0", "profile_name": "lakehouse", "target_name": "dev", "node_id": "model.lakehouse.sales_silver"} */

  
    
    

    create  table
      "lakehouse"."main"."sales_silver__dbt_tmp"
  
    as (
      

SELECT
    id,
    customer,
    amount,
    date,
    CURRENT_TIMESTAMP AS _processed_at
FROM read_parquet('s3://lakehouse/bronze/sales_raw.parquet')
WHERE amount > 0
    );
  
  
[0m01:52:31.478766 [debug] [Thread-1 (]: SQL status: OK in 0.009 seconds
[0m01:52:31.481029 [debug] [Thread-1 (]: Using duckdb connection "model.lakehouse.sales_silver"
[0m01:52:31.481341 [debug] [Thread-1 (]: On model.lakehouse.sales_silver: /* {"app": "dbt", "dbt_version": "1.8.0", "profile_name": "lakehouse", "target_name": "dev", "node_id": "model.lakehouse.sales_silver"} */
copy "lakehouse"."main"."sales_silver__dbt_tmp" to 's3://lakehouse/silver/sales_silver' (format delta)
[0m01:52:31.481938 [debug] [Thread-1 (]: DuckDB adapter: Error running SQL: /* {"app": "dbt", "dbt_version": "1.8.0", "profile_name": "lakehouse", "target_name": "dev", "node_id": "model.lakehouse.sales_silver"} */
copy "lakehouse"."main"."sales_silver__dbt_tmp" to 's3://lakehouse/silver/sales_silver' (format delta)
[0m01:52:31.482238 [debug] [Thread-1 (]: DuckDB adapter: Rolling back transaction.
[0m01:52:31.482575 [debug] [Thread-1 (]: On model.lakehouse.sales_silver: ROLLBACK
[0m01:52:31.486912 [debug] [Thread-1 (]: Failed to rollback 'model.lakehouse.sales_silver'
[0m01:52:31.487234 [debug] [Thread-1 (]: On model.lakehouse.sales_silver: Close
[0m01:52:31.490222 [debug] [Thread-1 (]: Runtime Error in model sales_silver (models/silver/sales_silver.sql)
  Catalog Error: Copy Function with name delta does not exist!
  Did you mean "csv"?
[0m01:52:31.491875 [debug] [Thread-1 (]: Sending event: {'category': 'dbt', 'action': 'run_model', 'label': '445150d8-3bd2-48ab-8462-4b0f6d7afe29', 'context': [<snowplow_tracker.self_describing_json.SelfDescribingJson object at 0x7fe661f6fb80>]}
[0m01:52:31.492425 [error] [Thread-1 (]: 1 of 2 ERROR creating sql external model main.sales_silver ..................... [[31mERROR[0m in 0.15s]
[0m01:52:31.492877 [debug] [Thread-1 (]: Finished running node model.lakehouse.sales_silver
[0m01:52:31.493940 [debug] [Thread-1 (]: Began running node model.lakehouse.sales_gold
[0m01:52:31.494266 [info ] [Thread-1 (]: 2 of 2 SKIP relation main.sales_gold ........................................... [[33mSKIP[0m]
[0m01:52:31.494640 [debug] [Thread-1 (]: Finished running node model.lakehouse.sales_gold
[0m01:52:31.495503 [debug] [MainThread]: Using duckdb connection "master"
[0m01:52:31.495758 [debug] [MainThread]: On master: BEGIN
[0m01:52:31.495959 [debug] [MainThread]: Opening a new connection, currently in state closed
[0m01:52:31.574934 [debug] [MainThread]: SQL status: OK in 0.079 seconds
[0m01:52:31.575598 [debug] [MainThread]: On master: COMMIT
[0m01:52:31.575988 [debug] [MainThread]: Using duckdb connection "master"
[0m01:52:31.576269 [debug] [MainThread]: On master: COMMIT
[0m01:52:31.576723 [debug] [MainThread]: SQL status: OK in 0.000 seconds
[0m01:52:31.577061 [debug] [MainThread]: On master: Close
[0m01:52:31.579143 [debug] [MainThread]: Connection 'master' was properly closed.
[0m01:52:31.579561 [debug] [MainThread]: Connection 'list_lakehouse_main' was properly closed.
[0m01:52:31.579805 [debug] [MainThread]: Connection 'model.lakehouse.sales_silver' was properly closed.
[0m01:52:31.580174 [info ] [MainThread]: 
[0m01:52:31.580480 [info ] [MainThread]: Finished running 2 external models in 0 hours 0 minutes and 1.02 seconds (1.02s).
[0m01:52:31.581449 [debug] [MainThread]: Command end result
[0m01:52:31.606661 [info ] [MainThread]: 
[0m01:52:31.607099 [info ] [MainThread]: [31mCompleted with 1 error and 0 warnings:[0m
[0m01:52:31.607411 [info ] [MainThread]: 
[0m01:52:31.607742 [error] [MainThread]:   Runtime Error in model sales_silver (models/silver/sales_silver.sql)
  Catalog Error: Copy Function with name delta does not exist!
  Did you mean "csv"?
[0m01:52:31.607982 [info ] [MainThread]: 
[0m01:52:31.608266 [info ] [MainThread]: Done. PASS=0 WARN=0 ERROR=1 SKIP=1 TOTAL=2
[0m01:52:31.609275 [debug] [MainThread]: Resource report: {"command_name": "run", "command_wall_clock_time": 2.5147078, "process_user_time": 7.353089, "process_kernel_time": 0.482162, "process_mem_max_rss": "314444", "process_in_blocks": "14344", "process_out_blocks": "2512", "command_success": false}
[0m01:52:31.610083 [debug] [MainThread]: Command `dbt run` failed at 01:52:31.609916 after 2.52 seconds
[0m01:52:31.610492 [debug] [MainThread]: Sending event: {'category': 'dbt', 'action': 'invocation', 'label': 'end', 'context': [<snowplow_tracker.self_describing_json.SelfDescribingJson object at 0x7fe715cdbc70>, <snowplow_tracker.self_describing_json.SelfDescribingJson object at 0x7fe713bd2140>, <snowplow_tracker.self_describing_json.SelfDescribingJson object at 0x7fe70909ac80>]}
[0m01:52:31.610797 [debug] [MainThread]: Flushing usage events
[0m02:04:44.819339 [debug] [MainThread]: Sending event: {'category': 'dbt', 'action': 'invocation', 'label': 'start', 'context': [<snowplow_tracker.self_describing_json.SelfDescribingJson object at 0x7f931af0bcd0>, <snowplow_tracker.self_describing_json.SelfDescribingJson object at 0x7f9318e5ae00>, <snowplow_tracker.self_describing_json.SelfDescribingJson object at 0x7f9318e5ada0>]}


============================== 02:04:44.823045 | 0b7b8b7c-3d47-4c30-8686-8d2f47c6983d ==============================
[0m02:04:44.823045 [info ] [MainThread]: Running with dbt=1.8.0
[0m02:04:44.823714 [debug] [MainThread]: running dbt with arguments {'printer_width': '80', 'indirect_selection': 'eager', 'log_cache_events': 'False', 'write_json': 'True', 'partial_parse': 'True', 'cache_selected_only': 'False', 'profiles_dir': '/workspace/dbt_project', 'version_check': 'True', 'warn_error': 'None', 'log_path': '/workspace/dbt_project/logs', 'fail_fast': 'False', 'debug': 'False', 'use_colors': 'True', 'use_experimental_parser': 'False', 'no_print': 'None', 'quiet': 'False', 'warn_error_options': 'WarnErrorOptions(include=[], exclude=[])', 'introspect': 'True', 'log_format': 'default', 'invocation_command': 'dbt run', 'target_path': 'None', 'static_parser': 'True', 'send_anonymous_usage_stats': 'True'}
[0m02:04:45.079744 [debug] [MainThread]: Sending event: {'category': 'dbt', 'action': 'project_id', 'label': '0b7b8b7c-3d47-4c30-8686-8d2f47c6983d', 'context': [<snowplow_tracker.self_describing_json.SelfDescribingJson object at 0x7f930fc18850>]}
[0m02:04:45.149376 [debug] [MainThread]: Sending event: {'category': 'dbt', 'action': 'adapter_info', 'label': '0b7b8b7c-3d47-4c30-8686-8d2f47c6983d', 'context': [<snowplow_tracker.self_describing_json.SelfDescribingJson object at 0x7f931b343f70>]}
[0m02:04:45.150273 [info ] [MainThread]: Registered adapter: duckdb=1.8.0
[0m02:04:45.248257 [debug] [MainThread]: checksum: dbb12d416fdb55e3665e4828703bbedf40c5c90ed7ca6ff39bbbfb29b12b0a92, vars: {}, profile: , target: , version: 1.8.0
[0m02:04:45.353519 [debug] [MainThread]: Partial parsing enabled: 2 files deleted, 2 files added, 0 files changed.
[0m02:04:45.353972 [debug] [MainThread]: Partial parsing: added file: lakehouse://models/gold/sales_gold.py
[0m02:04:45.354273 [debug] [MainThread]: Partial parsing: added file: lakehouse://models/silver/sales_silver.py
[0m02:04:45.354518 [debug] [MainThread]: Partial parsing: deleted file: lakehouse://models/gold/sales_gold.sql
[0m02:04:45.354713 [debug] [MainThread]: Partial parsing: deleted file: lakehouse://models/silver/sales_silver.sql
[0m02:04:45.560727 [debug] [MainThread]: Sending event: {'category': 'dbt', 'action': 'load_project', 'label': '0b7b8b7c-3d47-4c30-8686-8d2f47c6983d', 'context': [<snowplow_tracker.self_describing_json.SelfDescribingJson object at 0x7f930f882b60>]}
[0m02:04:45.628612 [debug] [MainThread]: Sending event: {'category': 'dbt', 'action': 'resource_counts', 'label': '0b7b8b7c-3d47-4c30-8686-8d2f47c6983d', 'context': [<snowplow_tracker.self_describing_json.SelfDescribingJson object at 0x7f930f985c00>]}
[0m02:04:45.629032 [info ] [MainThread]: Found 2 models, 421 macros
[0m02:04:45.629302 [debug] [MainThread]: Sending event: {'category': 'dbt', 'action': 'runnable_timing', 'label': '0b7b8b7c-3d47-4c30-8686-8d2f47c6983d', 'context': [<snowplow_tracker.self_describing_json.SelfDescribingJson object at 0x7f930f985e10>]}
[0m02:04:45.630941 [info ] [MainThread]: 
[0m02:04:45.631924 [debug] [MainThread]: Acquiring new duckdb connection 'master'
[0m02:04:45.637315 [debug] [ThreadPool]: Acquiring new duckdb connection 'list_lakehouse'
[0m02:04:45.730249 [debug] [ThreadPool]: Using duckdb connection "list_lakehouse"
[0m02:04:45.730681 [debug] [ThreadPool]: On list_lakehouse: /* {"app": "dbt", "dbt_version": "1.8.0", "profile_name": "lakehouse", "target_name": "dev", "connection_name": "list_lakehouse"} */

    
    select schema_name
    from system.information_schema.schemata
    
    where catalog_name = '"lakehouse"'
    
  
  
[0m02:04:45.730956 [debug] [ThreadPool]: Opening a new connection, currently in state init
[0m02:04:46.122853 [debug] [ThreadPool]: SQL status: OK in 0.392 seconds
[0m02:04:46.124035 [debug] [ThreadPool]: On list_lakehouse: Close
[0m02:04:46.126125 [debug] [ThreadPool]: Re-using an available connection from the pool (formerly list_lakehouse, now create_lakehouse_main)
[0m02:04:46.126618 [debug] [ThreadPool]: Creating schema "database: "lakehouse"
schema: "main"
"
[0m02:04:46.132710 [debug] [ThreadPool]: Using duckdb connection "create_lakehouse_main"
[0m02:04:46.132999 [debug] [ThreadPool]: On create_lakehouse_main: /* {"app": "dbt", "dbt_version": "1.8.0", "profile_name": "lakehouse", "target_name": "dev", "connection_name": "create_lakehouse_main"} */

    
        select type from duckdb_databases()
        where database_name='lakehouse'
        and type='sqlite'
    
  
[0m02:04:46.133340 [debug] [ThreadPool]: Opening a new connection, currently in state closed
[0m02:04:46.211085 [debug] [ThreadPool]: SQL status: OK in 0.078 seconds
[0m02:04:46.212344 [debug] [ThreadPool]: Using duckdb connection "create_lakehouse_main"
[0m02:04:46.212589 [debug] [ThreadPool]: On create_lakehouse_main: BEGIN
[0m02:04:46.212921 [debug] [ThreadPool]: SQL status: OK in 0.000 seconds
[0m02:04:46.213128 [debug] [ThreadPool]: Using duckdb connection "create_lakehouse_main"
[0m02:04:46.213322 [debug] [ThreadPool]: On create_lakehouse_main: /* {"app": "dbt", "dbt_version": "1.8.0", "profile_name": "lakehouse", "target_name": "dev", "connection_name": "create_lakehouse_main"} */

    
    
        create schema if not exists "lakehouse"."main"
    
[0m02:04:46.213750 [debug] [ThreadPool]: SQL status: OK in 0.000 seconds
[0m02:04:46.214355 [debug] [ThreadPool]: On create_lakehouse_main: COMMIT
[0m02:04:46.214558 [debug] [ThreadPool]: Using duckdb connection "create_lakehouse_main"
[0m02:04:46.214741 [debug] [ThreadPool]: On create_lakehouse_main: COMMIT
[0m02:04:46.215052 [debug] [ThreadPool]: SQL status: OK in 0.000 seconds
[0m02:04:46.215397 [debug] [ThreadPool]: On create_lakehouse_main: Close
[0m02:04:46.218088 [debug] [ThreadPool]: Re-using an available connection from the pool (formerly create_lakehouse_main, now list_lakehouse_main)
[0m02:04:46.222832 [debug] [ThreadPool]: Using duckdb connection "list_lakehouse_main"
[0m02:04:46.224033 [debug] [ThreadPool]: On list_lakehouse_main: BEGIN
[0m02:04:46.224305 [debug] [ThreadPool]: Opening a new connection, currently in state closed
[0m02:04:46.297796 [debug] [ThreadPool]: SQL status: OK in 0.073 seconds
[0m02:04:46.298319 [debug] [ThreadPool]: Using duckdb connection "list_lakehouse_main"
[0m02:04:46.298695 [debug] [ThreadPool]: On list_lakehouse_main: /* {"app": "dbt", "dbt_version": "1.8.0", "profile_name": "lakehouse", "target_name": "dev", "connection_name": "list_lakehouse_main"} */
select
      'lakehouse' as database,
      table_name as name,
      table_schema as schema,
      CASE table_type
        WHEN 'BASE TABLE' THEN 'table'
        WHEN 'VIEW' THEN 'view'
        WHEN 'LOCAL TEMPORARY' THEN 'table'
        END as type
    from system.information_schema.tables
    where table_schema = 'main'
    and table_catalog = 'lakehouse'
  
[0m02:04:46.316801 [debug] [ThreadPool]: SQL status: OK in 0.018 seconds
[0m02:04:46.321175 [debug] [ThreadPool]: On list_lakehouse_main: ROLLBACK
[0m02:04:46.323303 [debug] [ThreadPool]: Failed to rollback 'list_lakehouse_main'
[0m02:04:46.323577 [debug] [ThreadPool]: On list_lakehouse_main: Close
[0m02:04:46.326421 [debug] [MainThread]: Sending event: {'category': 'dbt', 'action': 'runnable_timing', 'label': '0b7b8b7c-3d47-4c30-8686-8d2f47c6983d', 'context': [<snowplow_tracker.self_describing_json.SelfDescribingJson object at 0x7f931a29ab90>]}
[0m02:04:46.326801 [debug] [MainThread]: Using duckdb connection "master"
[0m02:04:46.327010 [debug] [MainThread]: On master: BEGIN
[0m02:04:46.327215 [debug] [MainThread]: Opening a new connection, currently in state init
[0m02:04:46.403451 [debug] [MainThread]: SQL status: OK in 0.076 seconds
[0m02:04:46.403821 [debug] [MainThread]: On master: COMMIT
[0m02:04:46.404025 [debug] [MainThread]: Using duckdb connection "master"
[0m02:04:46.404223 [debug] [MainThread]: On master: COMMIT
[0m02:04:46.404663 [debug] [MainThread]: SQL status: OK in 0.000 seconds
[0m02:04:46.404939 [debug] [MainThread]: On master: Close
[0m02:04:46.406685 [info ] [MainThread]: Concurrency: 1 threads (target='dev')
[0m02:04:46.406974 [info ] [MainThread]: 
[0m02:04:46.408802 [debug] [Thread-1 (]: Began running node model.lakehouse.sales_silver
[0m02:04:46.409490 [info ] [Thread-1 (]: 1 of 2 START python table model main.sales_silver .............................. [RUN]
[0m02:04:46.410104 [debug] [Thread-1 (]: Acquiring new duckdb connection 'model.lakehouse.sales_silver'
[0m02:04:46.410431 [debug] [Thread-1 (]: Began compiling node model.lakehouse.sales_silver
[0m02:04:46.511418 [debug] [Thread-1 (]: Writing injected SQL for node "model.lakehouse.sales_silver"
[0m02:04:46.511970 [debug] [Thread-1 (]: Began executing node model.lakehouse.sales_silver
[0m02:04:46.540459 [debug] [Thread-1 (]: Writing runtime python for node "model.lakehouse.sales_silver"
[0m02:04:46.541023 [debug] [Thread-1 (]: Opening a new connection, currently in state init
[0m02:04:46.750420 [debug] [Thread-1 (]: Using duckdb connection "model.lakehouse.sales_silver"
[0m02:04:46.750772 [debug] [Thread-1 (]: On model.lakehouse.sales_silver: BEGIN
[0m02:04:46.751294 [debug] [Thread-1 (]: SQL status: OK in 0.000 seconds
[0m02:04:46.751539 [debug] [Thread-1 (]: Using duckdb connection "model.lakehouse.sales_silver"
[0m02:04:46.751761 [debug] [Thread-1 (]: On model.lakehouse.sales_silver: /* {"app": "dbt", "dbt_version": "1.8.0", "profile_name": "lakehouse", "target_name": "dev", "node_id": "model.lakehouse.sales_silver"} */
alter table "lakehouse"."main"."sales_silver" rename to "sales_silver__dbt_backup"
[0m02:04:46.752419 [debug] [Thread-1 (]: SQL status: OK in 0.000 seconds
[0m02:04:46.755035 [debug] [Thread-1 (]: Using duckdb connection "model.lakehouse.sales_silver"
[0m02:04:46.755333 [debug] [Thread-1 (]: On model.lakehouse.sales_silver: /* {"app": "dbt", "dbt_version": "1.8.0", "profile_name": "lakehouse", "target_name": "dev", "node_id": "model.lakehouse.sales_silver"} */
alter table "lakehouse"."main"."sales_silver__dbt_tmp" rename to "sales_silver"
[0m02:04:46.755858 [debug] [Thread-1 (]: SQL status: OK in 0.000 seconds
[0m02:04:46.771853 [debug] [Thread-1 (]: On model.lakehouse.sales_silver: COMMIT
[0m02:04:46.772227 [debug] [Thread-1 (]: Using duckdb connection "model.lakehouse.sales_silver"
[0m02:04:46.772482 [debug] [Thread-1 (]: On model.lakehouse.sales_silver: COMMIT
[0m02:04:46.774118 [debug] [Thread-1 (]: SQL status: OK in 0.001 seconds
[0m02:04:46.778328 [debug] [Thread-1 (]: Using duckdb connection "model.lakehouse.sales_silver"
[0m02:04:46.778609 [debug] [Thread-1 (]: On model.lakehouse.sales_silver: /* {"app": "dbt", "dbt_version": "1.8.0", "profile_name": "lakehouse", "target_name": "dev", "node_id": "model.lakehouse.sales_silver"} */
drop table if exists "lakehouse"."main"."sales_silver__dbt_backup" cascade
[0m02:04:46.779880 [debug] [Thread-1 (]: SQL status: OK in 0.001 seconds
[0m02:04:46.784309 [debug] [Thread-1 (]: On model.lakehouse.sales_silver: Close
[0m02:04:46.794399 [debug] [Thread-1 (]: Sending event: {'category': 'dbt', 'action': 'run_model', 'label': '0b7b8b7c-3d47-4c30-8686-8d2f47c6983d', 'context': [<snowplow_tracker.self_describing_json.SelfDescribingJson object at 0x7f931affff10>]}
[0m02:04:46.795257 [info ] [Thread-1 (]: 1 of 2 OK created python table model main.sales_silver ......................... [[32mOK[0m in 0.38s]
[0m02:04:46.795786 [debug] [Thread-1 (]: Finished running node model.lakehouse.sales_silver
[0m02:04:46.796429 [debug] [Thread-1 (]: Began running node model.lakehouse.sales_gold
[0m02:04:46.796760 [info ] [Thread-1 (]: 2 of 2 START python table model main.sales_gold ................................ [RUN]
[0m02:04:46.797146 [debug] [Thread-1 (]: Re-using an available connection from the pool (formerly model.lakehouse.sales_silver, now model.lakehouse.sales_gold)
[0m02:04:46.797432 [debug] [Thread-1 (]: Began compiling node model.lakehouse.sales_gold
[0m02:04:46.800510 [debug] [Thread-1 (]: Writing injected SQL for node "model.lakehouse.sales_gold"
[0m02:04:46.801333 [debug] [Thread-1 (]: Began executing node model.lakehouse.sales_gold
[0m02:04:46.804553 [debug] [Thread-1 (]: Writing runtime python for node "model.lakehouse.sales_gold"
[0m02:04:46.805092 [debug] [Thread-1 (]: Opening a new connection, currently in state closed
[0m02:04:46.976510 [debug] [Thread-1 (]: Using duckdb connection "model.lakehouse.sales_gold"
[0m02:04:46.976859 [debug] [Thread-1 (]: On model.lakehouse.sales_gold: BEGIN
[0m02:04:46.977332 [debug] [Thread-1 (]: SQL status: OK in 0.000 seconds
[0m02:04:46.977597 [debug] [Thread-1 (]: Using duckdb connection "model.lakehouse.sales_gold"
[0m02:04:46.977823 [debug] [Thread-1 (]: On model.lakehouse.sales_gold: /* {"app": "dbt", "dbt_version": "1.8.0", "profile_name": "lakehouse", "target_name": "dev", "node_id": "model.lakehouse.sales_gold"} */
alter table "lakehouse"."main"."sales_gold" rename to "sales_gold__dbt_backup"
[0m02:04:46.978272 [debug] [Thread-1 (]: SQL status: OK in 0.000 seconds
[0m02:04:46.980630 [debug] [Thread-1 (]: Using duckdb connection "model.lakehouse.sales_gold"
[0m02:04:46.980890 [debug] [Thread-1 (]: On model.lakehouse.sales_gold: /* {"app": "dbt", "dbt_version": "1.8.0", "profile_name": "lakehouse", "target_name": "dev", "node_id": "model.lakehouse.sales_gold"} */
alter table "lakehouse"."main"."sales_gold__dbt_tmp" rename to "sales_gold"
[0m02:04:46.981348 [debug] [Thread-1 (]: SQL status: OK in 0.000 seconds
[0m02:04:46.983061 [debug] [Thread-1 (]: On model.lakehouse.sales_gold: COMMIT
[0m02:04:46.983367 [debug] [Thread-1 (]: Using duckdb connection "model.lakehouse.sales_gold"
[0m02:04:46.983594 [debug] [Thread-1 (]: On model.lakehouse.sales_gold: COMMIT
[0m02:04:46.984494 [debug] [Thread-1 (]: SQL status: OK in 0.001 seconds
[0m02:04:46.986466 [debug] [Thread-1 (]: Using duckdb connection "model.lakehouse.sales_gold"
[0m02:04:46.986739 [debug] [Thread-1 (]: On model.lakehouse.sales_gold: /* {"app": "dbt", "dbt_version": "1.8.0", "profile_name": "lakehouse", "target_name": "dev", "node_id": "model.lakehouse.sales_gold"} */
drop table if exists "lakehouse"."main"."sales_gold__dbt_backup" cascade
[0m02:04:46.987829 [debug] [Thread-1 (]: SQL status: OK in 0.001 seconds
[0m02:04:46.989131 [debug] [Thread-1 (]: On model.lakehouse.sales_gold: Close
[0m02:04:46.995851 [debug] [Thread-1 (]: Sending event: {'category': 'dbt', 'action': 'run_model', 'label': '0b7b8b7c-3d47-4c30-8686-8d2f47c6983d', 'context': [<snowplow_tracker.self_describing_json.SelfDescribingJson object at 0x7f92992858d0>]}
[0m02:04:46.996807 [info ] [Thread-1 (]: 2 of 2 OK created python table model main.sales_gold ........................... [[32mOK[0m in 0.20s]
[0m02:04:46.997371 [debug] [Thread-1 (]: Finished running node model.lakehouse.sales_gold
[0m02:04:46.998231 [debug] [MainThread]: Using duckdb connection "master"
[0m02:04:46.998467 [debug] [MainThread]: On master: BEGIN
[0m02:04:46.998658 [debug] [MainThread]: Opening a new connection, currently in state closed
[0m02:04:47.078043 [debug] [MainThread]: SQL status: OK in 0.079 seconds
[0m02:04:47.078455 [debug] [MainThread]: On master: COMMIT
[0m02:04:47.078685 [debug] [MainThread]: Using duckdb connection "master"
[0m02:04:47.078918 [debug] [MainThread]: On master: COMMIT
[0m02:04:47.079532 [debug] [MainThread]: SQL status: OK in 0.000 seconds
[0m02:04:47.079951 [debug] [MainThread]: On master: Close
[0m02:04:47.081877 [debug] [MainThread]: Connection 'master' was properly closed.
[0m02:04:47.082246 [debug] [MainThread]: Connection 'list_lakehouse_main' was properly closed.
[0m02:04:47.082462 [debug] [MainThread]: Connection 'model.lakehouse.sales_gold' was properly closed.
[0m02:04:47.082776 [info ] [MainThread]: 
[0m02:04:47.083082 [info ] [MainThread]: Finished running 2 table models in 0 hours 0 minutes and 1.45 seconds (1.45s).
[0m02:04:47.083837 [debug] [MainThread]: Command end result
[0m02:04:47.107819 [info ] [MainThread]: 
[0m02:04:47.108371 [info ] [MainThread]: [32mCompleted successfully[0m
[0m02:04:47.108671 [info ] [MainThread]: 
[0m02:04:47.108945 [info ] [MainThread]: Done. PASS=2 WARN=0 ERROR=0 SKIP=0 TOTAL=2
[0m02:04:47.109709 [debug] [MainThread]: Resource report: {"command_name": "run", "command_success": true, "command_wall_clock_time": 2.3541217, "process_user_time": 7.76539, "process_kernel_time": 0.524262, "process_mem_max_rss": "345088", "process_in_blocks": "7952", "process_out_blocks": "4728"}
[0m02:04:47.110053 [debug] [MainThread]: Command `dbt run` succeeded at 02:04:47.109978 after 2.35 seconds
[0m02:04:47.110333 [debug] [MainThread]: Sending event: {'category': 'dbt', 'action': 'invocation', 'label': 'end', 'context': [<snowplow_tracker.self_describing_json.SelfDescribingJson object at 0x7f931af0bcd0>, <snowplow_tracker.self_describing_json.SelfDescribingJson object at 0x7f9318ebf790>, <snowplow_tracker.self_describing_json.SelfDescribingJson object at 0x7f931b343f70>]}
[0m02:04:47.110623 [debug] [MainThread]: Flushing usage events
[0m02:14:03.166931 [debug] [MainThread]: Sending event: {'category': 'dbt', 'action': 'invocation', 'label': 'start', 'context': [<snowplow_tracker.self_describing_json.SelfDescribingJson object at 0x7fc709a53cd0>, <snowplow_tracker.self_describing_json.SelfDescribingJson object at 0x7fc70796ae00>, <snowplow_tracker.self_describing_json.SelfDescribingJson object at 0x7fc70796ada0>]}


============================== 02:14:03.171093 | b22e94e5-f38b-401c-9520-2f7770e24ad7 ==============================
[0m02:14:03.171093 [info ] [MainThread]: Running with dbt=1.8.0
[0m02:14:03.171717 [debug] [MainThread]: running dbt with arguments {'printer_width': '80', 'indirect_selection': 'eager', 'write_json': 'True', 'log_cache_events': 'False', 'partial_parse': 'True', 'cache_selected_only': 'False', 'warn_error': 'None', 'debug': 'False', 'profiles_dir': '/workspace/dbt_project', 'log_path': '/workspace/dbt_project/logs', 'version_check': 'True', 'fail_fast': 'False', 'use_colors': 'True', 'use_experimental_parser': 'False', 'no_print': 'None', 'quiet': 'False', 'log_format': 'default', 'static_parser': 'True', 'introspect': 'True', 'invocation_command': 'dbt run', 'target_path': 'None', 'warn_error_options': 'WarnErrorOptions(include=[], exclude=[])', 'send_anonymous_usage_stats': 'True'}
[0m02:14:03.352063 [debug] [MainThread]: Sending event: {'category': 'dbt', 'action': 'project_id', 'label': 'b22e94e5-f38b-401c-9520-2f7770e24ad7', 'context': [<snowplow_tracker.self_describing_json.SelfDescribingJson object at 0x7fc70479c850>]}
[0m02:14:03.401465 [debug] [MainThread]: Sending event: {'category': 'dbt', 'action': 'adapter_info', 'label': 'b22e94e5-f38b-401c-9520-2f7770e24ad7', 'context': [<snowplow_tracker.self_describing_json.SelfDescribingJson object at 0x7fc709e4ff70>]}
[0m02:14:03.403723 [info ] [MainThread]: Registered adapter: duckdb=1.8.0
[0m02:14:03.474369 [debug] [MainThread]: checksum: dbb12d416fdb55e3665e4828703bbedf40c5c90ed7ca6ff39bbbfb29b12b0a92, vars: {}, profile: , target: , version: 1.8.0
[0m02:14:03.554917 [debug] [MainThread]: Partial parsing enabled: 0 files deleted, 3 files added, 0 files changed.
[0m02:14:03.555412 [debug] [MainThread]: Partial parsing: added file: lakehouse://models/silver/schema.yml
[0m02:14:03.555668 [debug] [MainThread]: Partial parsing: added file: lakehouse://models/gold/schema.yml
[0m02:14:03.555878 [debug] [MainThread]: Partial parsing: added file: lakehouse://models/marts/sales_summary_view.sql
[0m02:14:03.748296 [warn ] [MainThread]: [[33mWARNING[0m]: Deprecated functionality
The `tests` config has been renamed to `data_tests`. Please see
https://docs.getdbt.com/docs/build/data-tests#new-data_tests-syntax for more
information.
[0m02:14:03.748738 [debug] [MainThread]: Sending event: {'category': 'dbt', 'action': 'deprecation', 'label': 'b22e94e5-f38b-401c-9520-2f7770e24ad7', 'property_': 'warn', 'context': [<snowplow_tracker.self_describing_json.SelfDescribingJson object at 0x7fc7079e0f70>]}
[0m02:14:03.936403 [debug] [MainThread]: Sending event: {'category': 'dbt', 'action': 'load_project', 'label': 'b22e94e5-f38b-401c-9520-2f7770e24ad7', 'context': [<snowplow_tracker.self_describing_json.SelfDescribingJson object at 0x7fc6fccd4100>]}
[0m02:14:04.083938 [debug] [MainThread]: Sending event: {'category': 'dbt', 'action': 'resource_counts', 'label': 'b22e94e5-f38b-401c-9520-2f7770e24ad7', 'context': [<snowplow_tracker.self_describing_json.SelfDescribingJson object at 0x7fc6fcaee830>]}
[0m02:14:04.084386 [info ] [MainThread]: Found 3 models, 7 data tests, 421 macros
[0m02:14:04.084631 [debug] [MainThread]: Sending event: {'category': 'dbt', 'action': 'runnable_timing', 'label': 'b22e94e5-f38b-401c-9520-2f7770e24ad7', 'context': [<snowplow_tracker.self_describing_json.SelfDescribingJson object at 0x7fc6fcaee5c0>]}
[0m02:14:04.086014 [info ] [MainThread]: 
[0m02:14:04.086575 [debug] [MainThread]: Acquiring new duckdb connection 'master'
[0m02:14:04.092792 [debug] [ThreadPool]: Acquiring new duckdb connection 'list_lakehouse'
[0m02:14:04.128209 [debug] [ThreadPool]: Using duckdb connection "list_lakehouse"
[0m02:14:04.128594 [debug] [ThreadPool]: On list_lakehouse: /* {"app": "dbt", "dbt_version": "1.8.0", "profile_name": "lakehouse", "target_name": "dev", "connection_name": "list_lakehouse"} */

    
    select schema_name
    from system.information_schema.schemata
    
    where catalog_name = '"lakehouse"'
    
  
  
[0m02:14:04.128843 [debug] [ThreadPool]: Opening a new connection, currently in state init
[0m02:14:04.612806 [debug] [ThreadPool]: SQL status: OK in 0.484 seconds
[0m02:14:04.614205 [debug] [ThreadPool]: On list_lakehouse: Close
[0m02:14:04.617314 [debug] [ThreadPool]: Re-using an available connection from the pool (formerly list_lakehouse, now create_lakehouse_main)
[0m02:14:04.617838 [debug] [ThreadPool]: Creating schema "database: "lakehouse"
schema: "main"
"
[0m02:14:04.624089 [debug] [ThreadPool]: Using duckdb connection "create_lakehouse_main"
[0m02:14:04.624486 [debug] [ThreadPool]: On create_lakehouse_main: /* {"app": "dbt", "dbt_version": "1.8.0", "profile_name": "lakehouse", "target_name": "dev", "connection_name": "create_lakehouse_main"} */

    
        select type from duckdb_databases()
        where database_name='lakehouse'
        and type='sqlite'
    
  
[0m02:14:04.624704 [debug] [ThreadPool]: Opening a new connection, currently in state closed
[0m02:14:04.713051 [debug] [ThreadPool]: SQL status: OK in 0.088 seconds
[0m02:14:04.714611 [debug] [ThreadPool]: Using duckdb connection "create_lakehouse_main"
[0m02:14:04.714894 [debug] [ThreadPool]: On create_lakehouse_main: BEGIN
[0m02:14:04.715397 [debug] [ThreadPool]: SQL status: OK in 0.000 seconds
[0m02:14:04.715610 [debug] [ThreadPool]: Using duckdb connection "create_lakehouse_main"
[0m02:14:04.715803 [debug] [ThreadPool]: On create_lakehouse_main: /* {"app": "dbt", "dbt_version": "1.8.0", "profile_name": "lakehouse", "target_name": "dev", "connection_name": "create_lakehouse_main"} */

    
    
        create schema if not exists "lakehouse"."main"
    
[0m02:14:04.716139 [debug] [ThreadPool]: SQL status: OK in 0.000 seconds
[0m02:14:04.716785 [debug] [ThreadPool]: On create_lakehouse_main: COMMIT
[0m02:14:04.716995 [debug] [ThreadPool]: Using duckdb connection "create_lakehouse_main"
[0m02:14:04.717209 [debug] [ThreadPool]: On create_lakehouse_main: COMMIT
[0m02:14:04.717511 [debug] [ThreadPool]: SQL status: OK in 0.000 seconds
[0m02:14:04.717734 [debug] [ThreadPool]: On create_lakehouse_main: Close
[0m02:14:04.720510 [debug] [ThreadPool]: Re-using an available connection from the pool (formerly create_lakehouse_main, now list_lakehouse_main)
[0m02:14:04.725503 [debug] [ThreadPool]: Using duckdb connection "list_lakehouse_main"
[0m02:14:04.725777 [debug] [ThreadPool]: On list_lakehouse_main: BEGIN
[0m02:14:04.725979 [debug] [ThreadPool]: Opening a new connection, currently in state closed
[0m02:14:04.803431 [debug] [ThreadPool]: SQL status: OK in 0.077 seconds
[0m02:14:04.803985 [debug] [ThreadPool]: Using duckdb connection "list_lakehouse_main"
[0m02:14:04.804443 [debug] [ThreadPool]: On list_lakehouse_main: /* {"app": "dbt", "dbt_version": "1.8.0", "profile_name": "lakehouse", "target_name": "dev", "connection_name": "list_lakehouse_main"} */
select
      'lakehouse' as database,
      table_name as name,
      table_schema as schema,
      CASE table_type
        WHEN 'BASE TABLE' THEN 'table'
        WHEN 'VIEW' THEN 'view'
        WHEN 'LOCAL TEMPORARY' THEN 'table'
        END as type
    from system.information_schema.tables
    where table_schema = 'main'
    and table_catalog = 'lakehouse'
  
[0m02:14:04.823665 [debug] [ThreadPool]: SQL status: OK in 0.019 seconds
[0m02:14:04.828755 [debug] [ThreadPool]: On list_lakehouse_main: ROLLBACK
[0m02:14:04.829301 [debug] [ThreadPool]: Failed to rollback 'list_lakehouse_main'
[0m02:14:04.829552 [debug] [ThreadPool]: On list_lakehouse_main: Close
[0m02:14:04.833363 [debug] [MainThread]: Sending event: {'category': 'dbt', 'action': 'runnable_timing', 'label': 'b22e94e5-f38b-401c-9520-2f7770e24ad7', 'context': [<snowplow_tracker.self_describing_json.SelfDescribingJson object at 0x7fc6fcbee6b0>]}
[0m02:14:04.833804 [debug] [MainThread]: Using duckdb connection "master"
[0m02:14:04.834038 [debug] [MainThread]: On master: BEGIN
[0m02:14:04.834247 [debug] [MainThread]: Opening a new connection, currently in state init
[0m02:14:04.913239 [debug] [MainThread]: SQL status: OK in 0.079 seconds
[0m02:14:04.913638 [debug] [MainThread]: On master: COMMIT
[0m02:14:04.913892 [debug] [MainThread]: Using duckdb connection "master"
[0m02:14:04.914110 [debug] [MainThread]: On master: COMMIT
[0m02:14:04.914470 [debug] [MainThread]: SQL status: OK in 0.000 seconds
[0m02:14:04.914705 [debug] [MainThread]: On master: Close
[0m02:14:04.917440 [info ] [MainThread]: Concurrency: 1 threads (target='dev')
[0m02:14:04.917857 [info ] [MainThread]: 
[0m02:14:04.919658 [debug] [Thread-1 (]: Began running node model.lakehouse.sales_silver
[0m02:14:04.920343 [info ] [Thread-1 (]: 1 of 3 START python table model main.sales_silver .............................. [RUN]
[0m02:14:04.920963 [debug] [Thread-1 (]: Acquiring new duckdb connection 'model.lakehouse.sales_silver'
[0m02:14:04.921330 [debug] [Thread-1 (]: Began compiling node model.lakehouse.sales_silver
[0m02:14:04.950451 [debug] [Thread-1 (]: Writing injected SQL for node "model.lakehouse.sales_silver"
[0m02:14:04.951548 [debug] [Thread-1 (]: Began executing node model.lakehouse.sales_silver
[0m02:14:04.989935 [debug] [Thread-1 (]: Writing runtime python for node "model.lakehouse.sales_silver"
[0m02:14:04.990868 [debug] [Thread-1 (]: Opening a new connection, currently in state init
[0m02:14:05.210415 [debug] [Thread-1 (]: Using duckdb connection "model.lakehouse.sales_silver"
[0m02:14:05.210784 [debug] [Thread-1 (]: On model.lakehouse.sales_silver: BEGIN
[0m02:14:05.211461 [debug] [Thread-1 (]: SQL status: OK in 0.000 seconds
[0m02:14:05.211725 [debug] [Thread-1 (]: Using duckdb connection "model.lakehouse.sales_silver"
[0m02:14:05.211960 [debug] [Thread-1 (]: On model.lakehouse.sales_silver: /* {"app": "dbt", "dbt_version": "1.8.0", "profile_name": "lakehouse", "target_name": "dev", "node_id": "model.lakehouse.sales_silver"} */
alter table "lakehouse"."main"."sales_silver" rename to "sales_silver__dbt_backup"
[0m02:14:05.212455 [debug] [Thread-1 (]: SQL status: OK in 0.000 seconds
[0m02:14:05.215799 [debug] [Thread-1 (]: Using duckdb connection "model.lakehouse.sales_silver"
[0m02:14:05.216110 [debug] [Thread-1 (]: On model.lakehouse.sales_silver: /* {"app": "dbt", "dbt_version": "1.8.0", "profile_name": "lakehouse", "target_name": "dev", "node_id": "model.lakehouse.sales_silver"} */
alter table "lakehouse"."main"."sales_silver__dbt_tmp" rename to "sales_silver"
[0m02:14:05.216678 [debug] [Thread-1 (]: SQL status: OK in 0.000 seconds
[0m02:14:05.232441 [debug] [Thread-1 (]: On model.lakehouse.sales_silver: COMMIT
[0m02:14:05.232823 [debug] [Thread-1 (]: Using duckdb connection "model.lakehouse.sales_silver"
[0m02:14:05.233091 [debug] [Thread-1 (]: On model.lakehouse.sales_silver: COMMIT
[0m02:14:05.234400 [debug] [Thread-1 (]: SQL status: OK in 0.001 seconds
[0m02:14:05.233252 [debug] [MainThread]: Sending event: {'category': 'dbt', 'action': 'invocation', 'label': 'start', 'context': [<snowplow_tracker.self_describing_json.SelfDescribingJson object at 0x7fbb76d2bc70>, <snowplow_tracker.self_describing_json.SelfDescribingJson object at 0x7fbb74c86da0>, <snowplow_tracker.self_describing_json.SelfDescribingJson object at 0x7fbb74c86d40>]}


============================== 02:14:05.235994 | 59e55e29-ba72-4264-bebc-074cdc335f08 ==============================
[0m02:14:05.235994 [info ] [MainThread]: Running with dbt=1.8.0
[0m02:14:05.236526 [debug] [MainThread]: running dbt with arguments {'printer_width': '80', 'indirect_selection': 'eager', 'log_cache_events': 'False', 'write_json': 'True', 'partial_parse': 'True', 'cache_selected_only': 'False', 'warn_error': 'None', 'version_check': 'True', 'debug': 'False', 'log_path': '/workspace/dbt_project/logs', 'profiles_dir': '/workspace/dbt_project', 'fail_fast': 'False', 'use_colors': 'True', 'use_experimental_parser': 'False', 'no_print': 'None', 'quiet': 'False', 'log_format': 'default', 'invocation_command': 'dbt test', 'warn_error_options': 'WarnErrorOptions(include=[], exclude=[])', 'introspect': 'True', 'target_path': 'None', 'static_parser': 'True', 'send_anonymous_usage_stats': 'True'}
[0m02:14:05.239849 [debug] [Thread-1 (]: Using duckdb connection "model.lakehouse.sales_silver"
[0m02:14:05.240230 [debug] [Thread-1 (]: On model.lakehouse.sales_silver: /* {"app": "dbt", "dbt_version": "1.8.0", "profile_name": "lakehouse", "target_name": "dev", "node_id": "model.lakehouse.sales_silver"} */
drop table if exists "lakehouse"."main"."sales_silver__dbt_backup" cascade
[0m02:14:05.241520 [debug] [Thread-1 (]: SQL status: OK in 0.001 seconds
[0m02:14:05.244730 [debug] [Thread-1 (]: On model.lakehouse.sales_silver: Close
[0m02:14:05.253490 [debug] [Thread-1 (]: Sending event: {'category': 'dbt', 'action': 'run_model', 'label': 'b22e94e5-f38b-401c-9520-2f7770e24ad7', 'context': [<snowplow_tracker.self_describing_json.SelfDescribingJson object at 0x7fc709b43f10>]}
[0m02:14:05.254230 [info ] [Thread-1 (]: 1 of 3 OK created python table model main.sales_silver ......................... [[32mOK[0m in 0.33s]
[0m02:14:05.254874 [debug] [Thread-1 (]: Finished running node model.lakehouse.sales_silver
[0m02:14:05.255684 [debug] [Thread-1 (]: Began running node model.lakehouse.sales_gold
[0m02:14:05.256548 [info ] [Thread-1 (]: 2 of 3 START python table model main.sales_gold ................................ [RUN]
[0m02:14:05.257196 [debug] [Thread-1 (]: Re-using an available connection from the pool (formerly model.lakehouse.sales_silver, now model.lakehouse.sales_gold)
[0m02:14:05.257519 [debug] [Thread-1 (]: Began compiling node model.lakehouse.sales_gold
[0m02:14:05.262406 [debug] [Thread-1 (]: Writing injected SQL for node "model.lakehouse.sales_gold"
[0m02:14:05.263479 [debug] [Thread-1 (]: Began executing node model.lakehouse.sales_gold
[0m02:14:05.266834 [debug] [Thread-1 (]: Writing runtime python for node "model.lakehouse.sales_gold"
[0m02:14:05.267416 [debug] [Thread-1 (]: Opening a new connection, currently in state closed
[0m02:14:05.504140 [debug] [Thread-1 (]: Using duckdb connection "model.lakehouse.sales_gold"
[0m02:14:05.504502 [debug] [Thread-1 (]: On model.lakehouse.sales_gold: BEGIN
[0m02:14:05.504994 [debug] [Thread-1 (]: SQL status: OK in 0.000 seconds
[0m02:14:05.505077 [debug] [MainThread]: Sending event: {'category': 'dbt', 'action': 'project_id', 'label': '59e55e29-ba72-4264-bebc-074cdc335f08', 'context': [<snowplow_tracker.self_describing_json.SelfDescribingJson object at 0x7fbb74e4d6f0>]}
[0m02:14:05.505273 [debug] [Thread-1 (]: Using duckdb connection "model.lakehouse.sales_gold"
[0m02:14:05.505532 [debug] [Thread-1 (]: On model.lakehouse.sales_gold: /* {"app": "dbt", "dbt_version": "1.8.0", "profile_name": "lakehouse", "target_name": "dev", "node_id": "model.lakehouse.sales_gold"} */
alter table "lakehouse"."main"."sales_gold" rename to "sales_gold__dbt_backup"
[0m02:14:05.506137 [debug] [Thread-1 (]: SQL status: OK in 0.000 seconds
[0m02:14:05.509103 [debug] [Thread-1 (]: Using duckdb connection "model.lakehouse.sales_gold"
[0m02:14:05.509406 [debug] [Thread-1 (]: On model.lakehouse.sales_gold: /* {"app": "dbt", "dbt_version": "1.8.0", "profile_name": "lakehouse", "target_name": "dev", "node_id": "model.lakehouse.sales_gold"} */
alter table "lakehouse"."main"."sales_gold__dbt_tmp" rename to "sales_gold"
[0m02:14:05.510008 [debug] [Thread-1 (]: SQL status: OK in 0.000 seconds
[0m02:14:05.511210 [debug] [Thread-1 (]: On model.lakehouse.sales_gold: COMMIT
[0m02:14:05.511459 [debug] [Thread-1 (]: Using duckdb connection "model.lakehouse.sales_gold"
[0m02:14:05.511677 [debug] [Thread-1 (]: On model.lakehouse.sales_gold: COMMIT
[0m02:14:05.512683 [debug] [Thread-1 (]: SQL status: OK in 0.001 seconds
[0m02:14:05.515220 [debug] [Thread-1 (]: Using duckdb connection "model.lakehouse.sales_gold"
[0m02:14:05.515524 [debug] [Thread-1 (]: On model.lakehouse.sales_gold: /* {"app": "dbt", "dbt_version": "1.8.0", "profile_name": "lakehouse", "target_name": "dev", "node_id": "model.lakehouse.sales_gold"} */
drop table if exists "lakehouse"."main"."sales_gold__dbt_backup" cascade
[0m02:14:05.516623 [debug] [Thread-1 (]: SQL status: OK in 0.001 seconds
[0m02:14:05.518009 [debug] [Thread-1 (]: On model.lakehouse.sales_gold: Close
[0m02:14:05.524611 [debug] [Thread-1 (]: Sending event: {'category': 'dbt', 'action': 'run_model', 'label': 'b22e94e5-f38b-401c-9520-2f7770e24ad7', 'context': [<snowplow_tracker.self_describing_json.SelfDescribingJson object at 0x7fc6fca8a950>]}
[0m02:14:05.525269 [info ] [Thread-1 (]: 2 of 3 OK created python table model main.sales_gold ........................... [[32mOK[0m in 0.27s]
[0m02:14:05.525728 [debug] [Thread-1 (]: Finished running node model.lakehouse.sales_gold
[0m02:14:05.526523 [debug] [Thread-1 (]: Began running node model.lakehouse.sales_summary_view
[0m02:14:05.526894 [info ] [Thread-1 (]: 3 of 3 START sql table model main.sales_summary_view ........................... [RUN]
[0m02:14:05.527542 [debug] [Thread-1 (]: Re-using an available connection from the pool (formerly model.lakehouse.sales_gold, now model.lakehouse.sales_summary_view)
[0m02:14:05.528072 [debug] [Thread-1 (]: Began compiling node model.lakehouse.sales_summary_view
[0m02:14:05.531094 [debug] [Thread-1 (]: Writing injected SQL for node "model.lakehouse.sales_summary_view"
[0m02:14:05.531629 [debug] [Thread-1 (]: Began executing node model.lakehouse.sales_summary_view
[0m02:14:05.534875 [debug] [Thread-1 (]: Writing runtime sql for node "model.lakehouse.sales_summary_view"
[0m02:14:05.535619 [debug] [Thread-1 (]: Using duckdb connection "model.lakehouse.sales_summary_view"
[0m02:14:05.535906 [debug] [Thread-1 (]: On model.lakehouse.sales_summary_view: BEGIN
[0m02:14:05.536140 [debug] [Thread-1 (]: Opening a new connection, currently in state closed
[0m02:14:05.569290 [debug] [MainThread]: Sending event: {'category': 'dbt', 'action': 'adapter_info', 'label': '59e55e29-ba72-4264-bebc-074cdc335f08', 'context': [<snowplow_tracker.self_describing_json.SelfDescribingJson object at 0x7fbb74c2e140>]}
[0m02:14:05.570377 [info ] [MainThread]: Registered adapter: duckdb=1.8.0
[0m02:14:05.618245 [debug] [Thread-1 (]: SQL status: OK in 0.082 seconds
[0m02:14:05.618789 [debug] [Thread-1 (]: Using duckdb connection "model.lakehouse.sales_summary_view"
[0m02:14:05.619093 [debug] [Thread-1 (]: On model.lakehouse.sales_summary_view: /* {"app": "dbt", "dbt_version": "1.8.0", "profile_name": "lakehouse", "target_name": "dev", "node_id": "model.lakehouse.sales_summary_view"} */

  
    
    

    create  table
      "lakehouse"."main"."sales_summary_view__dbt_tmp"
  
    as (
      

SELECT
    date,
    total_sales,
    total_transactions,
    (total_sales / total_transactions) as ticket_promedio,
    _processed_at
FROM "lakehouse"."main"."sales_gold"
ORDER BY date DESC
    );
  
  
[0m02:14:05.621402 [debug] [Thread-1 (]: SQL status: OK in 0.002 seconds
[0m02:14:05.624555 [debug] [Thread-1 (]: Using duckdb connection "model.lakehouse.sales_summary_view"
[0m02:14:05.625123 [debug] [Thread-1 (]: On model.lakehouse.sales_summary_view: /* {"app": "dbt", "dbt_version": "1.8.0", "profile_name": "lakehouse", "target_name": "dev", "node_id": "model.lakehouse.sales_summary_view"} */
alter table "lakehouse"."main"."sales_summary_view__dbt_tmp" rename to "sales_summary_view"
[0m02:14:05.626130 [debug] [Thread-1 (]: SQL status: OK in 0.001 seconds
[0m02:14:05.629062 [debug] [Thread-1 (]: On model.lakehouse.sales_summary_view: COMMIT
[0m02:14:05.629437 [debug] [Thread-1 (]: Using duckdb connection "model.lakehouse.sales_summary_view"
[0m02:14:05.629683 [debug] [Thread-1 (]: On model.lakehouse.sales_summary_view: COMMIT
[0m02:14:05.631432 [debug] [Thread-1 (]: SQL status: OK in 0.001 seconds
[0m02:14:05.634063 [debug] [Thread-1 (]: Using duckdb connection "model.lakehouse.sales_summary_view"
[0m02:14:05.634389 [debug] [Thread-1 (]: On model.lakehouse.sales_summary_view: /* {"app": "dbt", "dbt_version": "1.8.0", "profile_name": "lakehouse", "target_name": "dev", "node_id": "model.lakehouse.sales_summary_view"} */
drop table if exists "lakehouse"."main"."sales_summary_view__dbt_backup" cascade
[0m02:14:05.634997 [debug] [Thread-1 (]: SQL status: OK in 0.000 seconds
[0m02:14:05.636122 [debug] [Thread-1 (]: On model.lakehouse.sales_summary_view: Close
[0m02:14:05.642131 [debug] [Thread-1 (]: Sending event: {'category': 'dbt', 'action': 'run_model', 'label': 'b22e94e5-f38b-401c-9520-2f7770e24ad7', 'context': [<snowplow_tracker.self_describing_json.SelfDescribingJson object at 0x7fc6fcae70a0>]}
[0m02:14:05.642790 [info ] [Thread-1 (]: 3 of 3 OK created sql table model main.sales_summary_view ...................... [[32mOK[0m in 0.11s]
[0m02:14:05.643313 [debug] [Thread-1 (]: Finished running node model.lakehouse.sales_summary_view
[0m02:14:05.644434 [debug] [MainThread]: Using duckdb connection "master"
[0m02:14:05.644831 [debug] [MainThread]: On master: BEGIN
[0m02:14:05.645151 [debug] [MainThread]: Opening a new connection, currently in state closed
[0m02:14:05.670693 [debug] [MainThread]: checksum: dbb12d416fdb55e3665e4828703bbedf40c5c90ed7ca6ff39bbbfb29b12b0a92, vars: {}, profile: , target: , version: 1.8.0
[0m02:14:05.725011 [debug] [MainThread]: SQL status: OK in 0.080 seconds
[0m02:14:05.725491 [debug] [MainThread]: On master: COMMIT
[0m02:14:05.725754 [debug] [MainThread]: Using duckdb connection "master"
[0m02:14:05.726019 [debug] [MainThread]: On master: COMMIT
[0m02:14:05.726682 [debug] [MainThread]: SQL status: OK in 0.000 seconds
[0m02:14:05.727050 [debug] [MainThread]: On master: Close
[0m02:14:05.730329 [debug] [MainThread]: Connection 'master' was properly closed.
[0m02:14:05.730796 [debug] [MainThread]: Connection 'list_lakehouse_main' was properly closed.
[0m02:14:05.731030 [debug] [MainThread]: Connection 'model.lakehouse.sales_summary_view' was properly closed.
[0m02:14:05.731425 [info ] [MainThread]: 
[0m02:14:05.731734 [info ] [MainThread]: Finished running 3 table models in 0 hours 0 minutes and 1.65 seconds (1.65s).
[0m02:14:05.732605 [debug] [MainThread]: Command end result
[0m02:14:05.763109 [info ] [MainThread]: 
[0m02:14:05.763910 [info ] [MainThread]: [32mCompleted successfully[0m
[0m02:14:05.764433 [info ] [MainThread]: 
[0m02:14:05.764899 [info ] [MainThread]: Done. PASS=3 WARN=0 ERROR=0 SKIP=0 TOTAL=3
[0m02:14:05.766308 [debug] [MainThread]: Resource report: {"command_name": "run", "command_success": true, "command_wall_clock_time": 2.663896, "process_user_time": 8.3462, "process_kernel_time": 0.603354, "process_mem_max_rss": "368704", "process_in_blocks": "7080", "process_out_blocks": "5928"}
[0m02:14:05.766762 [debug] [MainThread]: Command `dbt run` succeeded at 02:14:05.766669 after 2.66 seconds
[0m02:14:05.767077 [debug] [MainThread]: Sending event: {'category': 'dbt', 'action': 'invocation', 'label': 'end', 'context': [<snowplow_tracker.self_describing_json.SelfDescribingJson object at 0x7fc709a53cd0>, <snowplow_tracker.self_describing_json.SelfDescribingJson object at 0x7fc708de7b50>, <snowplow_tracker.self_describing_json.SelfDescribingJson object at 0x7fc708287880>]}
[0m02:14:05.767397 [debug] [MainThread]: Flushing usage events
[0m02:14:05.825842 [debug] [MainThread]: Partial parsing enabled: 0 files deleted, 0 files added, 0 files changed.
[0m02:14:05.826488 [debug] [MainThread]: Partial parsing enabled, no changes found, skipping parsing
[0m02:14:05.868344 [debug] [MainThread]: Sending event: {'category': 'dbt', 'action': 'load_project', 'label': '59e55e29-ba72-4264-bebc-074cdc335f08', 'context': [<snowplow_tracker.self_describing_json.SelfDescribingJson object at 0x7fbb6b7886a0>]}
[0m02:14:05.964023 [debug] [MainThread]: Sending event: {'category': 'dbt', 'action': 'resource_counts', 'label': '59e55e29-ba72-4264-bebc-074cdc335f08', 'context': [<snowplow_tracker.self_describing_json.SelfDescribingJson object at 0x7fbb6b7a03d0>]}
[0m02:14:05.964492 [info ] [MainThread]: Found 3 models, 7 data tests, 421 macros
[0m02:14:05.964754 [debug] [MainThread]: Sending event: {'category': 'dbt', 'action': 'runnable_timing', 'label': '59e55e29-ba72-4264-bebc-074cdc335f08', 'context': [<snowplow_tracker.self_describing_json.SelfDescribingJson object at 0x7fbb6b725d20>]}
[0m02:14:05.967877 [info ] [MainThread]: 
[0m02:14:05.968489 [debug] [MainThread]: Acquiring new duckdb connection 'master'
[0m02:14:05.973526 [debug] [ThreadPool]: Acquiring new duckdb connection 'list_lakehouse_main'
[0m02:14:06.007141 [debug] [ThreadPool]: Using duckdb connection "list_lakehouse_main"
[0m02:14:06.007703 [debug] [ThreadPool]: On list_lakehouse_main: BEGIN
[0m02:14:06.008104 [debug] [ThreadPool]: Opening a new connection, currently in state init
[0m02:14:06.416371 [debug] [ThreadPool]: SQL status: OK in 0.408 seconds
[0m02:14:06.416809 [debug] [ThreadPool]: Using duckdb connection "list_lakehouse_main"
[0m02:14:06.417069 [debug] [ThreadPool]: On list_lakehouse_main: /* {"app": "dbt", "dbt_version": "1.8.0", "profile_name": "lakehouse", "target_name": "dev", "connection_name": "list_lakehouse_main"} */
select
      'lakehouse' as database,
      table_name as name,
      table_schema as schema,
      CASE table_type
        WHEN 'BASE TABLE' THEN 'table'
        WHEN 'VIEW' THEN 'view'
        WHEN 'LOCAL TEMPORARY' THEN 'table'
        END as type
    from system.information_schema.tables
    where table_schema = 'main'
    and table_catalog = 'lakehouse'
  
[0m02:14:06.436204 [debug] [ThreadPool]: SQL status: OK in 0.019 seconds
[0m02:14:06.441072 [debug] [ThreadPool]: On list_lakehouse_main: ROLLBACK
[0m02:14:06.441624 [debug] [ThreadPool]: Failed to rollback 'list_lakehouse_main'
[0m02:14:06.441862 [debug] [ThreadPool]: On list_lakehouse_main: Close
[0m02:14:06.445548 [debug] [MainThread]: Sending event: {'category': 'dbt', 'action': 'runnable_timing', 'label': '59e55e29-ba72-4264-bebc-074cdc335f08', 'context': [<snowplow_tracker.self_describing_json.SelfDescribingJson object at 0x7fbb6b7a2110>]}
[0m02:14:06.446141 [debug] [MainThread]: Using duckdb connection "master"
[0m02:14:06.446421 [debug] [MainThread]: On master: BEGIN
[0m02:14:06.446631 [debug] [MainThread]: Opening a new connection, currently in state init
[0m02:14:06.517473 [debug] [MainThread]: SQL status: OK in 0.071 seconds
[0m02:14:06.517846 [debug] [MainThread]: On master: COMMIT
[0m02:14:06.518072 [debug] [MainThread]: Using duckdb connection "master"
[0m02:14:06.518291 [debug] [MainThread]: On master: COMMIT
[0m02:14:06.518590 [debug] [MainThread]: SQL status: OK in 0.000 seconds
[0m02:14:06.518823 [debug] [MainThread]: On master: Close
[0m02:14:06.520463 [info ] [MainThread]: Concurrency: 1 threads (target='dev')
[0m02:14:06.520753 [info ] [MainThread]: 
[0m02:14:06.523223 [debug] [Thread-1 (]: Began running node test.lakehouse.not_null_sales_gold_date.87aaf09b79
[0m02:14:06.523599 [info ] [Thread-1 (]: 1 of 7 START test not_null_sales_gold_date ..................................... [RUN]
[0m02:14:06.524129 [debug] [Thread-1 (]: Acquiring new duckdb connection 'test.lakehouse.not_null_sales_gold_date.87aaf09b79'
[0m02:14:06.524426 [debug] [Thread-1 (]: Began compiling node test.lakehouse.not_null_sales_gold_date.87aaf09b79
[0m02:14:06.539473 [debug] [Thread-1 (]: Writing injected SQL for node "test.lakehouse.not_null_sales_gold_date.87aaf09b79"
[0m02:14:06.540078 [debug] [Thread-1 (]: Began executing node test.lakehouse.not_null_sales_gold_date.87aaf09b79
[0m02:14:06.554236 [debug] [Thread-1 (]: Writing runtime sql for node "test.lakehouse.not_null_sales_gold_date.87aaf09b79"
[0m02:14:06.554884 [debug] [Thread-1 (]: Using duckdb connection "test.lakehouse.not_null_sales_gold_date.87aaf09b79"
[0m02:14:06.555154 [debug] [Thread-1 (]: On test.lakehouse.not_null_sales_gold_date.87aaf09b79: BEGIN
[0m02:14:06.555428 [debug] [Thread-1 (]: Opening a new connection, currently in state init
[0m02:14:06.632710 [debug] [Thread-1 (]: SQL status: OK in 0.077 seconds
[0m02:14:06.633603 [debug] [Thread-1 (]: Using duckdb connection "test.lakehouse.not_null_sales_gold_date.87aaf09b79"
[0m02:14:06.634176 [debug] [Thread-1 (]: On test.lakehouse.not_null_sales_gold_date.87aaf09b79: /* {"app": "dbt", "dbt_version": "1.8.0", "profile_name": "lakehouse", "target_name": "dev", "node_id": "test.lakehouse.not_null_sales_gold_date.87aaf09b79"} */
select
      count(*) as failures,
      count(*) != 0 as should_warn,
      count(*) != 0 as should_error
    from (
      
    
    



select date
from "lakehouse"."main"."sales_gold"
where date is null



      
    ) dbt_internal_test
[0m02:14:06.637516 [debug] [Thread-1 (]: SQL status: OK in 0.003 seconds
[0m02:14:06.645760 [debug] [Thread-1 (]: On test.lakehouse.not_null_sales_gold_date.87aaf09b79: ROLLBACK
[0m02:14:06.646566 [debug] [Thread-1 (]: Failed to rollback 'test.lakehouse.not_null_sales_gold_date.87aaf09b79'
[0m02:14:06.647417 [debug] [Thread-1 (]: On test.lakehouse.not_null_sales_gold_date.87aaf09b79: Close
[0m02:14:06.651106 [info ] [Thread-1 (]: 1 of 7 PASS not_null_sales_gold_date ........................................... [[32mPASS[0m in 0.13s]
[0m02:14:06.652136 [debug] [Thread-1 (]: Finished running node test.lakehouse.not_null_sales_gold_date.87aaf09b79
[0m02:14:06.652793 [debug] [Thread-1 (]: Began running node test.lakehouse.not_null_sales_gold_total_sales.7314554617
[0m02:14:06.653347 [info ] [Thread-1 (]: 2 of 7 START test not_null_sales_gold_total_sales .............................. [RUN]
[0m02:14:06.654976 [debug] [Thread-1 (]: Re-using an available connection from the pool (formerly test.lakehouse.not_null_sales_gold_date.87aaf09b79, now test.lakehouse.not_null_sales_gold_total_sales.7314554617)
[0m02:14:06.655749 [debug] [Thread-1 (]: Began compiling node test.lakehouse.not_null_sales_gold_total_sales.7314554617
[0m02:14:06.662780 [debug] [Thread-1 (]: Writing injected SQL for node "test.lakehouse.not_null_sales_gold_total_sales.7314554617"
[0m02:14:06.663662 [debug] [Thread-1 (]: Began executing node test.lakehouse.not_null_sales_gold_total_sales.7314554617
[0m02:14:06.667367 [debug] [Thread-1 (]: Writing runtime sql for node "test.lakehouse.not_null_sales_gold_total_sales.7314554617"
[0m02:14:06.668507 [debug] [Thread-1 (]: Using duckdb connection "test.lakehouse.not_null_sales_gold_total_sales.7314554617"
[0m02:14:06.669035 [debug] [Thread-1 (]: On test.lakehouse.not_null_sales_gold_total_sales.7314554617: BEGIN
[0m02:14:06.669598 [debug] [Thread-1 (]: Opening a new connection, currently in state closed
[0m02:14:06.762597 [debug] [Thread-1 (]: SQL status: OK in 0.093 seconds
[0m02:14:06.763323 [debug] [Thread-1 (]: Using duckdb connection "test.lakehouse.not_null_sales_gold_total_sales.7314554617"
[0m02:14:06.763807 [debug] [Thread-1 (]: On test.lakehouse.not_null_sales_gold_total_sales.7314554617: /* {"app": "dbt", "dbt_version": "1.8.0", "profile_name": "lakehouse", "target_name": "dev", "node_id": "test.lakehouse.not_null_sales_gold_total_sales.7314554617"} */
select
      count(*) as failures,
      count(*) != 0 as should_warn,
      count(*) != 0 as should_error
    from (
      
    
    



select total_sales
from "lakehouse"."main"."sales_gold"
where total_sales is null



      
    ) dbt_internal_test
[0m02:14:06.765643 [debug] [Thread-1 (]: SQL status: OK in 0.001 seconds
[0m02:14:06.767589 [debug] [Thread-1 (]: On test.lakehouse.not_null_sales_gold_total_sales.7314554617: ROLLBACK
[0m02:14:06.768035 [debug] [Thread-1 (]: Failed to rollback 'test.lakehouse.not_null_sales_gold_total_sales.7314554617'
[0m02:14:06.768312 [debug] [Thread-1 (]: On test.lakehouse.not_null_sales_gold_total_sales.7314554617: Close
[0m02:14:06.770418 [info ] [Thread-1 (]: 2 of 7 PASS not_null_sales_gold_total_sales .................................... [[32mPASS[0m in 0.12s]
[0m02:14:06.771089 [debug] [Thread-1 (]: Finished running node test.lakehouse.not_null_sales_gold_total_sales.7314554617
[0m02:14:06.771508 [debug] [Thread-1 (]: Began running node test.lakehouse.not_null_sales_silver_amount.0402b3be38
[0m02:14:06.772241 [info ] [Thread-1 (]: 3 of 7 START test not_null_sales_silver_amount ................................. [RUN]
[0m02:14:06.773032 [debug] [Thread-1 (]: Re-using an available connection from the pool (formerly test.lakehouse.not_null_sales_gold_total_sales.7314554617, now test.lakehouse.not_null_sales_silver_amount.0402b3be38)
[0m02:14:06.773555 [debug] [Thread-1 (]: Began compiling node test.lakehouse.not_null_sales_silver_amount.0402b3be38
[0m02:14:06.778017 [debug] [Thread-1 (]: Writing injected SQL for node "test.lakehouse.not_null_sales_silver_amount.0402b3be38"
[0m02:14:06.778792 [debug] [Thread-1 (]: Began executing node test.lakehouse.not_null_sales_silver_amount.0402b3be38
[0m02:14:06.781916 [debug] [Thread-1 (]: Writing runtime sql for node "test.lakehouse.not_null_sales_silver_amount.0402b3be38"
[0m02:14:06.782668 [debug] [Thread-1 (]: Using duckdb connection "test.lakehouse.not_null_sales_silver_amount.0402b3be38"
[0m02:14:06.783147 [debug] [Thread-1 (]: On test.lakehouse.not_null_sales_silver_amount.0402b3be38: BEGIN
[0m02:14:06.783715 [debug] [Thread-1 (]: Opening a new connection, currently in state closed
[0m02:14:06.867896 [debug] [Thread-1 (]: SQL status: OK in 0.084 seconds
[0m02:14:06.868462 [debug] [Thread-1 (]: Using duckdb connection "test.lakehouse.not_null_sales_silver_amount.0402b3be38"
[0m02:14:06.868798 [debug] [Thread-1 (]: On test.lakehouse.not_null_sales_silver_amount.0402b3be38: /* {"app": "dbt", "dbt_version": "1.8.0", "profile_name": "lakehouse", "target_name": "dev", "node_id": "test.lakehouse.not_null_sales_silver_amount.0402b3be38"} */
select
      count(*) as failures,
      count(*) != 0 as should_warn,
      count(*) != 0 as should_error
    from (
      
    
    



select amount
from "lakehouse"."main"."sales_silver"
where amount is null



      
    ) dbt_internal_test
[0m02:14:06.870377 [debug] [Thread-1 (]: SQL status: OK in 0.001 seconds
[0m02:14:06.872407 [debug] [Thread-1 (]: On test.lakehouse.not_null_sales_silver_amount.0402b3be38: ROLLBACK
[0m02:14:06.872960 [debug] [Thread-1 (]: Failed to rollback 'test.lakehouse.not_null_sales_silver_amount.0402b3be38'
[0m02:14:06.873317 [debug] [Thread-1 (]: On test.lakehouse.not_null_sales_silver_amount.0402b3be38: Close
[0m02:14:06.875758 [info ] [Thread-1 (]: 3 of 7 PASS not_null_sales_silver_amount ....................................... [[32mPASS[0m in 0.10s]
[0m02:14:06.876872 [debug] [Thread-1 (]: Finished running node test.lakehouse.not_null_sales_silver_amount.0402b3be38
[0m02:14:06.877527 [debug] [Thread-1 (]: Began running node test.lakehouse.not_null_sales_silver_date.16068b640f
[0m02:14:06.878079 [info ] [Thread-1 (]: 4 of 7 START test not_null_sales_silver_date ................................... [RUN]
[0m02:14:06.878812 [debug] [Thread-1 (]: Re-using an available connection from the pool (formerly test.lakehouse.not_null_sales_silver_amount.0402b3be38, now test.lakehouse.not_null_sales_silver_date.16068b640f)
[0m02:14:06.879281 [debug] [Thread-1 (]: Began compiling node test.lakehouse.not_null_sales_silver_date.16068b640f
[0m02:14:06.884071 [debug] [Thread-1 (]: Writing injected SQL for node "test.lakehouse.not_null_sales_silver_date.16068b640f"
[0m02:14:06.884908 [debug] [Thread-1 (]: Began executing node test.lakehouse.not_null_sales_silver_date.16068b640f
[0m02:14:06.887736 [debug] [Thread-1 (]: Writing runtime sql for node "test.lakehouse.not_null_sales_silver_date.16068b640f"
[0m02:14:06.888432 [debug] [Thread-1 (]: Using duckdb connection "test.lakehouse.not_null_sales_silver_date.16068b640f"
[0m02:14:06.888861 [debug] [Thread-1 (]: On test.lakehouse.not_null_sales_silver_date.16068b640f: BEGIN
[0m02:14:06.889229 [debug] [Thread-1 (]: Opening a new connection, currently in state closed
[0m02:14:06.968782 [debug] [Thread-1 (]: SQL status: OK in 0.079 seconds
[0m02:14:06.969274 [debug] [Thread-1 (]: Using duckdb connection "test.lakehouse.not_null_sales_silver_date.16068b640f"
[0m02:14:06.969593 [debug] [Thread-1 (]: On test.lakehouse.not_null_sales_silver_date.16068b640f: /* {"app": "dbt", "dbt_version": "1.8.0", "profile_name": "lakehouse", "target_name": "dev", "node_id": "test.lakehouse.not_null_sales_silver_date.16068b640f"} */
select
      count(*) as failures,
      count(*) != 0 as should_warn,
      count(*) != 0 as should_error
    from (
      
    
    



select date
from "lakehouse"."main"."sales_silver"
where date is null



      
    ) dbt_internal_test
[0m02:14:06.970550 [debug] [Thread-1 (]: SQL status: OK in 0.001 seconds
[0m02:14:06.971972 [debug] [Thread-1 (]: On test.lakehouse.not_null_sales_silver_date.16068b640f: ROLLBACK
[0m02:14:06.972405 [debug] [Thread-1 (]: Failed to rollback 'test.lakehouse.not_null_sales_silver_date.16068b640f'
[0m02:14:06.972672 [debug] [Thread-1 (]: On test.lakehouse.not_null_sales_silver_date.16068b640f: Close
[0m02:14:06.975554 [info ] [Thread-1 (]: 4 of 7 PASS not_null_sales_silver_date ......................................... [[32mPASS[0m in 0.10s]
[0m02:14:06.976281 [debug] [Thread-1 (]: Finished running node test.lakehouse.not_null_sales_silver_date.16068b640f
[0m02:14:06.976686 [debug] [Thread-1 (]: Began running node test.lakehouse.not_null_sales_silver_id.43e965b6bd
[0m02:14:06.977069 [info ] [Thread-1 (]: 5 of 7 START test not_null_sales_silver_id ..................................... [RUN]
[0m02:14:06.977572 [debug] [Thread-1 (]: Re-using an available connection from the pool (formerly test.lakehouse.not_null_sales_silver_date.16068b640f, now test.lakehouse.not_null_sales_silver_id.43e965b6bd)
[0m02:14:06.977921 [debug] [Thread-1 (]: Began compiling node test.lakehouse.not_null_sales_silver_id.43e965b6bd
[0m02:14:06.983788 [debug] [Thread-1 (]: Writing injected SQL for node "test.lakehouse.not_null_sales_silver_id.43e965b6bd"
[0m02:14:06.984446 [debug] [Thread-1 (]: Began executing node test.lakehouse.not_null_sales_silver_id.43e965b6bd
[0m02:14:07.070611 [debug] [Thread-1 (]: Writing runtime sql for node "test.lakehouse.not_null_sales_silver_id.43e965b6bd"
[0m02:14:07.071523 [debug] [Thread-1 (]: Using duckdb connection "test.lakehouse.not_null_sales_silver_id.43e965b6bd"
[0m02:14:07.072085 [debug] [Thread-1 (]: On test.lakehouse.not_null_sales_silver_id.43e965b6bd: BEGIN
[0m02:14:07.072463 [debug] [Thread-1 (]: Opening a new connection, currently in state closed
[0m02:14:07.157231 [debug] [Thread-1 (]: SQL status: OK in 0.085 seconds
[0m02:14:07.157831 [debug] [Thread-1 (]: Using duckdb connection "test.lakehouse.not_null_sales_silver_id.43e965b6bd"
[0m02:14:07.158272 [debug] [Thread-1 (]: On test.lakehouse.not_null_sales_silver_id.43e965b6bd: /* {"app": "dbt", "dbt_version": "1.8.0", "profile_name": "lakehouse", "target_name": "dev", "node_id": "test.lakehouse.not_null_sales_silver_id.43e965b6bd"} */
select
      count(*) as failures,
      count(*) != 0 as should_warn,
      count(*) != 0 as should_error
    from (
      
    
    



select id
from "lakehouse"."main"."sales_silver"
where id is null



      
    ) dbt_internal_test
[0m02:14:07.159875 [debug] [Thread-1 (]: SQL status: OK in 0.001 seconds
[0m02:14:07.162231 [debug] [Thread-1 (]: On test.lakehouse.not_null_sales_silver_id.43e965b6bd: ROLLBACK
[0m02:14:07.162950 [debug] [Thread-1 (]: Failed to rollback 'test.lakehouse.not_null_sales_silver_id.43e965b6bd'
[0m02:14:07.163420 [debug] [Thread-1 (]: On test.lakehouse.not_null_sales_silver_id.43e965b6bd: Close
[0m02:14:07.166032 [info ] [Thread-1 (]: 5 of 7 PASS not_null_sales_silver_id ........................................... [[32mPASS[0m in 0.19s]
[0m02:14:07.166914 [debug] [Thread-1 (]: Finished running node test.lakehouse.not_null_sales_silver_id.43e965b6bd
[0m02:14:07.167489 [debug] [Thread-1 (]: Began running node test.lakehouse.unique_sales_gold_date.8fd254051d
[0m02:14:07.167998 [info ] [Thread-1 (]: 6 of 7 START test unique_sales_gold_date ....................................... [RUN]
[0m02:14:07.168778 [debug] [Thread-1 (]: Re-using an available connection from the pool (formerly test.lakehouse.not_null_sales_silver_id.43e965b6bd, now test.lakehouse.unique_sales_gold_date.8fd254051d)
[0m02:14:07.169408 [debug] [Thread-1 (]: Began compiling node test.lakehouse.unique_sales_gold_date.8fd254051d
[0m02:14:07.176147 [debug] [Thread-1 (]: Writing injected SQL for node "test.lakehouse.unique_sales_gold_date.8fd254051d"
[0m02:14:07.176913 [debug] [Thread-1 (]: Began executing node test.lakehouse.unique_sales_gold_date.8fd254051d
[0m02:14:07.179362 [debug] [Thread-1 (]: Writing runtime sql for node "test.lakehouse.unique_sales_gold_date.8fd254051d"
[0m02:14:07.179919 [debug] [Thread-1 (]: Using duckdb connection "test.lakehouse.unique_sales_gold_date.8fd254051d"
[0m02:14:07.180238 [debug] [Thread-1 (]: On test.lakehouse.unique_sales_gold_date.8fd254051d: BEGIN
[0m02:14:07.180494 [debug] [Thread-1 (]: Opening a new connection, currently in state closed
[0m02:14:07.265845 [debug] [Thread-1 (]: SQL status: OK in 0.085 seconds
[0m02:14:07.266545 [debug] [Thread-1 (]: Using duckdb connection "test.lakehouse.unique_sales_gold_date.8fd254051d"
[0m02:14:07.266987 [debug] [Thread-1 (]: On test.lakehouse.unique_sales_gold_date.8fd254051d: /* {"app": "dbt", "dbt_version": "1.8.0", "profile_name": "lakehouse", "target_name": "dev", "node_id": "test.lakehouse.unique_sales_gold_date.8fd254051d"} */
select
      count(*) as failures,
      count(*) != 0 as should_warn,
      count(*) != 0 as should_error
    from (
      
    
    

select
    date as unique_field,
    count(*) as n_records

from "lakehouse"."main"."sales_gold"
where date is not null
group by date
having count(*) > 1



      
    ) dbt_internal_test
[0m02:14:07.271249 [debug] [Thread-1 (]: SQL status: OK in 0.004 seconds
[0m02:14:07.273729 [debug] [Thread-1 (]: On test.lakehouse.unique_sales_gold_date.8fd254051d: ROLLBACK
[0m02:14:07.274303 [debug] [Thread-1 (]: Failed to rollback 'test.lakehouse.unique_sales_gold_date.8fd254051d'
[0m02:14:07.274613 [debug] [Thread-1 (]: On test.lakehouse.unique_sales_gold_date.8fd254051d: Close
[0m02:14:07.277744 [info ] [Thread-1 (]: 6 of 7 PASS unique_sales_gold_date ............................................. [[32mPASS[0m in 0.11s]
[0m02:14:07.278404 [debug] [Thread-1 (]: Finished running node test.lakehouse.unique_sales_gold_date.8fd254051d
[0m02:14:07.278811 [debug] [Thread-1 (]: Began running node test.lakehouse.unique_sales_silver_id.99f55b3d60
[0m02:14:07.279195 [info ] [Thread-1 (]: 7 of 7 START test unique_sales_silver_id ....................................... [RUN]
[0m02:14:07.279814 [debug] [Thread-1 (]: Re-using an available connection from the pool (formerly test.lakehouse.unique_sales_gold_date.8fd254051d, now test.lakehouse.unique_sales_silver_id.99f55b3d60)
[0m02:14:07.280260 [debug] [Thread-1 (]: Began compiling node test.lakehouse.unique_sales_silver_id.99f55b3d60
[0m02:14:07.284012 [debug] [Thread-1 (]: Writing injected SQL for node "test.lakehouse.unique_sales_silver_id.99f55b3d60"
[0m02:14:07.284573 [debug] [Thread-1 (]: Began executing node test.lakehouse.unique_sales_silver_id.99f55b3d60
[0m02:14:07.287055 [debug] [Thread-1 (]: Writing runtime sql for node "test.lakehouse.unique_sales_silver_id.99f55b3d60"
[0m02:14:07.287897 [debug] [Thread-1 (]: Using duckdb connection "test.lakehouse.unique_sales_silver_id.99f55b3d60"
[0m02:14:07.288258 [debug] [Thread-1 (]: On test.lakehouse.unique_sales_silver_id.99f55b3d60: BEGIN
[0m02:14:07.288541 [debug] [Thread-1 (]: Opening a new connection, currently in state closed
[0m02:14:07.369203 [debug] [Thread-1 (]: SQL status: OK in 0.081 seconds
[0m02:14:07.369608 [debug] [Thread-1 (]: Using duckdb connection "test.lakehouse.unique_sales_silver_id.99f55b3d60"
[0m02:14:07.369905 [debug] [Thread-1 (]: On test.lakehouse.unique_sales_silver_id.99f55b3d60: /* {"app": "dbt", "dbt_version": "1.8.0", "profile_name": "lakehouse", "target_name": "dev", "node_id": "test.lakehouse.unique_sales_silver_id.99f55b3d60"} */
select
      count(*) as failures,
      count(*) != 0 as should_warn,
      count(*) != 0 as should_error
    from (
      
    
    

select
    id as unique_field,
    count(*) as n_records

from "lakehouse"."main"."sales_silver"
where id is not null
group by id
having count(*) > 1



      
    ) dbt_internal_test
[0m02:14:07.372239 [debug] [Thread-1 (]: SQL status: OK in 0.002 seconds
[0m02:14:07.373726 [debug] [Thread-1 (]: On test.lakehouse.unique_sales_silver_id.99f55b3d60: ROLLBACK
[0m02:14:07.374174 [debug] [Thread-1 (]: Failed to rollback 'test.lakehouse.unique_sales_silver_id.99f55b3d60'
[0m02:14:07.374507 [debug] [Thread-1 (]: On test.lakehouse.unique_sales_silver_id.99f55b3d60: Close
[0m02:14:07.377388 [info ] [Thread-1 (]: 7 of 7 PASS unique_sales_silver_id ............................................. [[32mPASS[0m in 0.10s]
[0m02:14:07.378397 [debug] [Thread-1 (]: Finished running node test.lakehouse.unique_sales_silver_id.99f55b3d60
[0m02:14:07.379584 [debug] [MainThread]: Using duckdb connection "master"
[0m02:14:07.379906 [debug] [MainThread]: On master: BEGIN
[0m02:14:07.380149 [debug] [MainThread]: Opening a new connection, currently in state closed
[0m02:14:07.459845 [debug] [MainThread]: SQL status: OK in 0.080 seconds
[0m02:14:07.460256 [debug] [MainThread]: On master: COMMIT
[0m02:14:07.460619 [debug] [MainThread]: Using duckdb connection "master"
[0m02:14:07.460915 [debug] [MainThread]: On master: COMMIT
[0m02:14:07.461539 [debug] [MainThread]: SQL status: OK in 0.000 seconds
[0m02:14:07.461840 [debug] [MainThread]: On master: Close
[0m02:14:07.463550 [debug] [MainThread]: Connection 'master' was properly closed.
[0m02:14:07.463973 [debug] [MainThread]: Connection 'list_lakehouse_main' was properly closed.
[0m02:14:07.464330 [debug] [MainThread]: Connection 'test.lakehouse.unique_sales_silver_id.99f55b3d60' was properly closed.
[0m02:14:07.464640 [info ] [MainThread]: 
[0m02:14:07.464913 [info ] [MainThread]: Finished running 7 data tests in 0 hours 0 minutes and 1.50 seconds (1.50s).
[0m02:14:07.466100 [debug] [MainThread]: Command end result
[0m02:14:07.493120 [info ] [MainThread]: 
[0m02:14:07.493594 [info ] [MainThread]: [32mCompleted successfully[0m
[0m02:14:07.493938 [info ] [MainThread]: 
[0m02:14:07.494296 [info ] [MainThread]: Done. PASS=7 WARN=0 ERROR=0 SKIP=0 TOTAL=7
[0m02:14:07.495346 [debug] [MainThread]: Resource report: {"command_name": "test", "command_success": true, "command_wall_clock_time": 2.3081937, "process_user_time": 8.762332, "process_kernel_time": 0.603372, "process_mem_max_rss": "300900", "process_in_blocks": "8256", "process_out_blocks": "1912"}
[0m02:14:07.496155 [debug] [MainThread]: Command `dbt test` succeeded at 02:14:07.495992 after 2.31 seconds
[0m02:14:07.496609 [debug] [MainThread]: Sending event: {'category': 'dbt', 'action': 'invocation', 'label': 'end', 'context': [<snowplow_tracker.self_describing_json.SelfDescribingJson object at 0x7fbb76d2bc70>, <snowplow_tracker.self_describing_json.SelfDescribingJson object at 0x7fbb74c2c340>, <snowplow_tracker.self_describing_json.SelfDescribingJson object at 0x7fbb6bb419f0>]}
[0m02:14:07.496911 [debug] [MainThread]: Flushing usage events
[0m02:14:08.243087 [debug] [MainThread]: Sending event: {'category': 'dbt', 'action': 'invocation', 'label': 'start', 'context': [<snowplow_tracker.self_describing_json.SelfDescribingJson object at 0x7f9202f3bc40>, <snowplow_tracker.self_describing_json.SelfDescribingJson object at 0x7f9200e8eec0>, <snowplow_tracker.self_describing_json.SelfDescribingJson object at 0x7f9200e8ee60>]}


============================== 02:14:08.245975 | 38e17176-509f-42be-957a-305ade83827d ==============================
[0m02:14:08.245975 [info ] [MainThread]: Running with dbt=1.8.0
[0m02:14:08.246570 [debug] [MainThread]: running dbt with arguments {'printer_width': '80', 'indirect_selection': 'eager', 'log_cache_events': 'False', 'write_json': 'True', 'partial_parse': 'True', 'cache_selected_only': 'False', 'profiles_dir': '/workspace/dbt_project', 'version_check': 'True', 'fail_fast': 'False', 'log_path': '/workspace/dbt_project/logs', 'warn_error': 'None', 'debug': 'False', 'use_colors': 'True', 'use_experimental_parser': 'False', 'no_print': 'None', 'quiet': 'False', 'log_format': 'default', 'static_parser': 'True', 'warn_error_options': 'WarnErrorOptions(include=[], exclude=[])', 'invocation_command': 'dbt docs generate', 'target_path': 'None', 'introspect': 'True', 'send_anonymous_usage_stats': 'True'}
[0m02:14:08.431090 [debug] [MainThread]: Sending event: {'category': 'dbt', 'action': 'project_id', 'label': '38e17176-509f-42be-957a-305ade83827d', 'context': [<snowplow_tracker.self_describing_json.SelfDescribingJson object at 0x7f9202e76740>]}
[0m02:14:08.497956 [debug] [MainThread]: Sending event: {'category': 'dbt', 'action': 'adapter_info', 'label': '38e17176-509f-42be-957a-305ade83827d', 'context': [<snowplow_tracker.self_describing_json.SelfDescribingJson object at 0x7f91f7d6eef0>]}
[0m02:14:08.500535 [info ] [MainThread]: Registered adapter: duckdb=1.8.0
[0m02:14:08.574000 [debug] [MainThread]: checksum: dbb12d416fdb55e3665e4828703bbedf40c5c90ed7ca6ff39bbbfb29b12b0a92, vars: {}, profile: , target: , version: 1.8.0
[0m02:14:08.689599 [debug] [MainThread]: Partial parsing enabled: 0 files deleted, 0 files added, 0 files changed.
[0m02:14:08.689940 [debug] [MainThread]: Partial parsing enabled, no changes found, skipping parsing
[0m02:14:08.728346 [debug] [MainThread]: Sending event: {'category': 'dbt', 'action': 'load_project', 'label': '38e17176-509f-42be-957a-305ade83827d', 'context': [<snowplow_tracker.self_describing_json.SelfDescribingJson object at 0x7f91f7987ee0>]}
[0m02:14:08.741962 [debug] [MainThread]: Sending event: {'category': 'dbt', 'action': 'resource_counts', 'label': '38e17176-509f-42be-957a-305ade83827d', 'context': [<snowplow_tracker.self_describing_json.SelfDescribingJson object at 0x7f91f7921ae0>]}
[0m02:14:08.742394 [info ] [MainThread]: Found 3 models, 7 data tests, 421 macros
[0m02:14:08.742642 [debug] [MainThread]: Sending event: {'category': 'dbt', 'action': 'runnable_timing', 'label': '38e17176-509f-42be-957a-305ade83827d', 'context': [<snowplow_tracker.self_describing_json.SelfDescribingJson object at 0x7f91f7921270>]}
[0m02:14:08.744042 [info ] [MainThread]: 
[0m02:14:08.744576 [debug] [MainThread]: Acquiring new duckdb connection 'master'
[0m02:14:08.750136 [debug] [ThreadPool]: Acquiring new duckdb connection 'list_lakehouse_main'
[0m02:14:08.788555 [debug] [ThreadPool]: Using duckdb connection "list_lakehouse_main"
[0m02:14:08.789096 [debug] [ThreadPool]: On list_lakehouse_main: BEGIN
[0m02:14:08.789450 [debug] [ThreadPool]: Opening a new connection, currently in state init
[0m02:14:09.218602 [debug] [ThreadPool]: SQL status: OK in 0.429 seconds
[0m02:14:09.219046 [debug] [ThreadPool]: Using duckdb connection "list_lakehouse_main"
[0m02:14:09.219291 [debug] [ThreadPool]: On list_lakehouse_main: /* {"app": "dbt", "dbt_version": "1.8.0", "profile_name": "lakehouse", "target_name": "dev", "connection_name": "list_lakehouse_main"} */
select
      'lakehouse' as database,
      table_name as name,
      table_schema as schema,
      CASE table_type
        WHEN 'BASE TABLE' THEN 'table'
        WHEN 'VIEW' THEN 'view'
        WHEN 'LOCAL TEMPORARY' THEN 'table'
        END as type
    from system.information_schema.tables
    where table_schema = 'main'
    and table_catalog = 'lakehouse'
  
[0m02:14:09.238313 [debug] [ThreadPool]: SQL status: OK in 0.019 seconds
[0m02:14:09.242167 [debug] [ThreadPool]: On list_lakehouse_main: ROLLBACK
[0m02:14:09.242939 [debug] [ThreadPool]: Failed to rollback 'list_lakehouse_main'
[0m02:14:09.243214 [debug] [ThreadPool]: On list_lakehouse_main: Close
[0m02:14:09.246284 [debug] [MainThread]: Sending event: {'category': 'dbt', 'action': 'runnable_timing', 'label': '38e17176-509f-42be-957a-305ade83827d', 'context': [<snowplow_tracker.self_describing_json.SelfDescribingJson object at 0x7f91f7921ed0>]}
[0m02:14:09.246791 [info ] [MainThread]: Concurrency: 1 threads (target='dev')
[0m02:14:09.247030 [info ] [MainThread]: 
[0m02:14:09.249236 [debug] [Thread-1 (]: Began running node model.lakehouse.sales_silver
[0m02:14:09.249691 [debug] [Thread-1 (]: Re-using an available connection from the pool (formerly list_lakehouse_main, now model.lakehouse.sales_silver)
[0m02:14:09.249966 [debug] [Thread-1 (]: Began compiling node model.lakehouse.sales_silver
[0m02:14:09.273558 [debug] [Thread-1 (]: Writing injected SQL for node "model.lakehouse.sales_silver"
[0m02:14:09.274143 [debug] [Thread-1 (]: Began executing node model.lakehouse.sales_silver
[0m02:14:09.274761 [debug] [Thread-1 (]: Finished running node model.lakehouse.sales_silver
[0m02:14:09.275757 [debug] [Thread-1 (]: Began running node model.lakehouse.sales_gold
[0m02:14:09.276327 [debug] [Thread-1 (]: Re-using an available connection from the pool (formerly model.lakehouse.sales_silver, now model.lakehouse.sales_gold)
[0m02:14:09.276686 [debug] [Thread-1 (]: Began compiling node model.lakehouse.sales_gold
[0m02:14:09.279801 [debug] [Thread-1 (]: Writing injected SQL for node "model.lakehouse.sales_gold"
[0m02:14:09.280291 [debug] [Thread-1 (]: Began executing node model.lakehouse.sales_gold
[0m02:14:09.280836 [debug] [Thread-1 (]: Finished running node model.lakehouse.sales_gold
[0m02:14:09.281143 [debug] [Thread-1 (]: Began running node test.lakehouse.not_null_sales_silver_amount.0402b3be38
[0m02:14:09.281456 [debug] [Thread-1 (]: Re-using an available connection from the pool (formerly model.lakehouse.sales_gold, now test.lakehouse.not_null_sales_silver_amount.0402b3be38)
[0m02:14:09.281702 [debug] [Thread-1 (]: Began compiling node test.lakehouse.not_null_sales_silver_amount.0402b3be38
[0m02:14:09.292130 [debug] [Thread-1 (]: Writing injected SQL for node "test.lakehouse.not_null_sales_silver_amount.0402b3be38"
[0m02:14:09.292788 [debug] [Thread-1 (]: Began executing node test.lakehouse.not_null_sales_silver_amount.0402b3be38
[0m02:14:09.293366 [debug] [Thread-1 (]: Finished running node test.lakehouse.not_null_sales_silver_amount.0402b3be38
[0m02:14:09.293708 [debug] [Thread-1 (]: Began running node test.lakehouse.not_null_sales_silver_date.16068b640f
[0m02:14:09.294058 [debug] [Thread-1 (]: Re-using an available connection from the pool (formerly test.lakehouse.not_null_sales_silver_amount.0402b3be38, now test.lakehouse.not_null_sales_silver_date.16068b640f)
[0m02:14:09.294486 [debug] [Thread-1 (]: Began compiling node test.lakehouse.not_null_sales_silver_date.16068b640f
[0m02:14:09.299232 [debug] [Thread-1 (]: Writing injected SQL for node "test.lakehouse.not_null_sales_silver_date.16068b640f"
[0m02:14:09.299791 [debug] [Thread-1 (]: Began executing node test.lakehouse.not_null_sales_silver_date.16068b640f
[0m02:14:09.300468 [debug] [Thread-1 (]: Finished running node test.lakehouse.not_null_sales_silver_date.16068b640f
[0m02:14:09.300773 [debug] [Thread-1 (]: Began running node test.lakehouse.not_null_sales_silver_id.43e965b6bd
[0m02:14:09.301138 [debug] [Thread-1 (]: Re-using an available connection from the pool (formerly test.lakehouse.not_null_sales_silver_date.16068b640f, now test.lakehouse.not_null_sales_silver_id.43e965b6bd)
[0m02:14:09.301404 [debug] [Thread-1 (]: Began compiling node test.lakehouse.not_null_sales_silver_id.43e965b6bd
[0m02:14:09.305021 [debug] [Thread-1 (]: Writing injected SQL for node "test.lakehouse.not_null_sales_silver_id.43e965b6bd"
[0m02:14:09.305559 [debug] [Thread-1 (]: Began executing node test.lakehouse.not_null_sales_silver_id.43e965b6bd
[0m02:14:09.306101 [debug] [Thread-1 (]: Finished running node test.lakehouse.not_null_sales_silver_id.43e965b6bd
[0m02:14:09.306430 [debug] [Thread-1 (]: Began running node test.lakehouse.unique_sales_silver_id.99f55b3d60
[0m02:14:09.306736 [debug] [Thread-1 (]: Re-using an available connection from the pool (formerly test.lakehouse.not_null_sales_silver_id.43e965b6bd, now test.lakehouse.unique_sales_silver_id.99f55b3d60)
[0m02:14:09.307231 [debug] [Thread-1 (]: Began compiling node test.lakehouse.unique_sales_silver_id.99f55b3d60
[0m02:14:09.313001 [debug] [Thread-1 (]: Writing injected SQL for node "test.lakehouse.unique_sales_silver_id.99f55b3d60"
[0m02:14:09.313572 [debug] [Thread-1 (]: Began executing node test.lakehouse.unique_sales_silver_id.99f55b3d60
[0m02:14:09.314133 [debug] [Thread-1 (]: Finished running node test.lakehouse.unique_sales_silver_id.99f55b3d60
[0m02:14:09.314465 [debug] [Thread-1 (]: Began running node model.lakehouse.sales_summary_view
[0m02:14:09.314753 [debug] [Thread-1 (]: Re-using an available connection from the pool (formerly test.lakehouse.unique_sales_silver_id.99f55b3d60, now model.lakehouse.sales_summary_view)
[0m02:14:09.315001 [debug] [Thread-1 (]: Began compiling node model.lakehouse.sales_summary_view
[0m02:14:09.317881 [debug] [Thread-1 (]: Writing injected SQL for node "model.lakehouse.sales_summary_view"
[0m02:14:09.318566 [debug] [Thread-1 (]: Began executing node model.lakehouse.sales_summary_view
[0m02:14:09.319215 [debug] [Thread-1 (]: Finished running node model.lakehouse.sales_summary_view
[0m02:14:09.319531 [debug] [Thread-1 (]: Began running node test.lakehouse.not_null_sales_gold_date.87aaf09b79
[0m02:14:09.319882 [debug] [Thread-1 (]: Re-using an available connection from the pool (formerly model.lakehouse.sales_summary_view, now test.lakehouse.not_null_sales_gold_date.87aaf09b79)
[0m02:14:09.320134 [debug] [Thread-1 (]: Began compiling node test.lakehouse.not_null_sales_gold_date.87aaf09b79
[0m02:14:09.323242 [debug] [Thread-1 (]: Writing injected SQL for node "test.lakehouse.not_null_sales_gold_date.87aaf09b79"
[0m02:14:09.323630 [debug] [Thread-1 (]: Began executing node test.lakehouse.not_null_sales_gold_date.87aaf09b79
[0m02:14:09.324140 [debug] [Thread-1 (]: Finished running node test.lakehouse.not_null_sales_gold_date.87aaf09b79
[0m02:14:09.324489 [debug] [Thread-1 (]: Began running node test.lakehouse.not_null_sales_gold_total_sales.7314554617
[0m02:14:09.324846 [debug] [Thread-1 (]: Re-using an available connection from the pool (formerly test.lakehouse.not_null_sales_gold_date.87aaf09b79, now test.lakehouse.not_null_sales_gold_total_sales.7314554617)
[0m02:14:09.325153 [debug] [Thread-1 (]: Began compiling node test.lakehouse.not_null_sales_gold_total_sales.7314554617
[0m02:14:09.328252 [debug] [Thread-1 (]: Writing injected SQL for node "test.lakehouse.not_null_sales_gold_total_sales.7314554617"
[0m02:14:09.328721 [debug] [Thread-1 (]: Began executing node test.lakehouse.not_null_sales_gold_total_sales.7314554617
[0m02:14:09.329321 [debug] [Thread-1 (]: Finished running node test.lakehouse.not_null_sales_gold_total_sales.7314554617
[0m02:14:09.329614 [debug] [Thread-1 (]: Began running node test.lakehouse.unique_sales_gold_date.8fd254051d
[0m02:14:09.329920 [debug] [Thread-1 (]: Re-using an available connection from the pool (formerly test.lakehouse.not_null_sales_gold_total_sales.7314554617, now test.lakehouse.unique_sales_gold_date.8fd254051d)
[0m02:14:09.330153 [debug] [Thread-1 (]: Began compiling node test.lakehouse.unique_sales_gold_date.8fd254051d
[0m02:14:09.333426 [debug] [Thread-1 (]: Writing injected SQL for node "test.lakehouse.unique_sales_gold_date.8fd254051d"
[0m02:14:09.333854 [debug] [Thread-1 (]: Began executing node test.lakehouse.unique_sales_gold_date.8fd254051d
[0m02:14:09.334349 [debug] [Thread-1 (]: Finished running node test.lakehouse.unique_sales_gold_date.8fd254051d
[0m02:14:09.335235 [debug] [MainThread]: Connection 'master' was properly closed.
[0m02:14:09.335510 [debug] [MainThread]: Connection 'test.lakehouse.unique_sales_gold_date.8fd254051d' was properly closed.
[0m02:14:09.336774 [debug] [MainThread]: Command end result
[0m02:14:09.420965 [debug] [MainThread]: Acquiring new duckdb connection 'generate_catalog'
[0m02:14:09.421285 [info ] [MainThread]: Building catalog
[0m02:14:09.431247 [debug] [ThreadPool]: Acquiring new duckdb connection 'lakehouse.information_schema'
[0m02:14:09.438261 [debug] [ThreadPool]: Using duckdb connection "lakehouse.information_schema"
[0m02:14:09.438626 [debug] [ThreadPool]: On lakehouse.information_schema: BEGIN
[0m02:14:09.438849 [debug] [ThreadPool]: Opening a new connection, currently in state init
[0m02:14:09.512452 [debug] [ThreadPool]: SQL status: OK in 0.074 seconds
[0m02:14:09.512891 [debug] [ThreadPool]: Using duckdb connection "lakehouse.information_schema"
[0m02:14:09.513296 [debug] [ThreadPool]: On lakehouse.information_schema: /* {"app": "dbt", "dbt_version": "1.8.0", "profile_name": "lakehouse", "target_name": "dev", "connection_name": "lakehouse.information_schema"} */
with relations AS (
      select
        t.table_name
        , t.database_name
        , t.schema_name
        , 'BASE TABLE' as table_type
        , t.comment as table_comment
      from duckdb_tables() t
      WHERE t.database_name = 'lakehouse'
      UNION ALL
      SELECT v.view_name as table_name
      , v.database_name
      , v.schema_name
      , 'VIEW' as table_type
      , v.comment as table_comment
      from duckdb_views() v
      WHERE v.database_name = 'lakehouse'
    )
    select
        'lakehouse' as table_database,
        r.schema_name as table_schema,
        r.table_name,
        r.table_type,
        r.table_comment,
        c.column_name,
        c.column_index as column_index,
        c.data_type as column_type,
        c.comment as column_comment,
        '' as table_owner
    FROM relations r JOIN duckdb_columns() c ON r.schema_name = c.schema_name AND r.table_name = c.table_name
    WHERE (upper(r.schema_name) = upper('main'))
    ORDER BY
        r.schema_name,
        r.table_name,
        c.column_index
[0m02:14:09.540215 [debug] [ThreadPool]: SQL status: OK in 0.026 seconds
[0m02:14:09.558856 [debug] [ThreadPool]: On lakehouse.information_schema: ROLLBACK
[0m02:14:09.559263 [debug] [ThreadPool]: Failed to rollback 'lakehouse.information_schema'
[0m02:14:09.559477 [debug] [ThreadPool]: On lakehouse.information_schema: Close
[0m02:14:09.667028 [info ] [MainThread]: Catalog written to /workspace/dbt_project/target/catalog.json
[0m02:14:09.667965 [debug] [MainThread]: Resource report: {"command_name": "generate", "command_success": true, "command_wall_clock_time": 1.4738803, "process_user_time": 4.325029, "process_kernel_time": 0.300277, "process_mem_max_rss": "298596", "process_in_blocks": "19584", "process_out_blocks": "4864"}
[0m02:14:09.668512 [debug] [MainThread]: Command `dbt docs generate` succeeded at 02:14:09.668425 after 1.47 seconds
[0m02:14:09.668744 [debug] [MainThread]: Connection 'generate_catalog' was properly closed.
[0m02:14:09.668970 [debug] [MainThread]: Connection 'lakehouse.information_schema' was properly closed.
[0m02:14:09.669267 [debug] [MainThread]: Sending event: {'category': 'dbt', 'action': 'invocation', 'label': 'end', 'context': [<snowplow_tracker.self_describing_json.SelfDescribingJson object at 0x7f9202f3bc40>, <snowplow_tracker.self_describing_json.SelfDescribingJson object at 0x7f92015b3700>, <snowplow_tracker.self_describing_json.SelfDescribingJson object at 0x7f9202dcad70>]}
[0m02:14:09.669555 [debug] [MainThread]: Flushing usage events
[0m03:40:57.248300 [debug] [MainThread]: Sending event: {'category': 'dbt', 'action': 'invocation', 'label': 'start', 'context': [<snowplow_tracker.self_describing_json.SelfDescribingJson object at 0x7f199f6bfd90>, <snowplow_tracker.self_describing_json.SelfDescribingJson object at 0x7f199d612e90>, <snowplow_tracker.self_describing_json.SelfDescribingJson object at 0x7f199d612e30>]}


============================== 03:40:57.251008 | 003831f2-25b5-4400-a9b9-b7ab6adf6433 ==============================
[0m03:40:57.251008 [info ] [MainThread]: Running with dbt=1.8.0
[0m03:40:57.251469 [debug] [MainThread]: running dbt with arguments {'printer_width': '80', 'indirect_selection': 'eager', 'write_json': 'True', 'log_cache_events': 'False', 'partial_parse': 'True', 'cache_selected_only': 'False', 'profiles_dir': '/workspace/dbt_project', 'version_check': 'True', 'warn_error': 'None', 'log_path': '/workspace/dbt_project/logs', 'fail_fast': 'False', 'debug': 'False', 'use_colors': 'True', 'use_experimental_parser': 'False', 'no_print': 'None', 'quiet': 'False', 'log_format': 'default', 'introspect': 'True', 'invocation_command': 'dbt run', 'static_parser': 'True', 'target_path': 'None', 'warn_error_options': 'WarnErrorOptions(include=[], exclude=[])', 'send_anonymous_usage_stats': 'True'}
[0m03:40:57.432324 [debug] [MainThread]: Sending event: {'category': 'dbt', 'action': 'project_id', 'label': '003831f2-25b5-4400-a9b9-b7ab6adf6433', 'context': [<snowplow_tracker.self_describing_json.SelfDescribingJson object at 0x7f1994432110>]}
[0m03:40:57.479209 [debug] [MainThread]: Sending event: {'category': 'dbt', 'action': 'adapter_info', 'label': '003831f2-25b5-4400-a9b9-b7ab6adf6433', 'context': [<snowplow_tracker.self_describing_json.SelfDescribingJson object at 0x7f199d760f70>]}
[0m03:40:57.480105 [info ] [MainThread]: Registered adapter: duckdb=1.8.0
[0m03:40:57.550242 [debug] [MainThread]: checksum: dbb12d416fdb55e3665e4828703bbedf40c5c90ed7ca6ff39bbbfb29b12b0a92, vars: {}, profile: , target: , version: 1.8.0
[0m03:40:57.667201 [debug] [MainThread]: Partial parsing enabled: 0 files deleted, 0 files added, 0 files changed.
[0m03:40:57.667539 [debug] [MainThread]: Partial parsing enabled, no changes found, skipping parsing
[0m03:40:57.704863 [debug] [MainThread]: Sending event: {'category': 'dbt', 'action': 'load_project', 'label': '003831f2-25b5-4400-a9b9-b7ab6adf6433', 'context': [<snowplow_tracker.self_describing_json.SelfDescribingJson object at 0x7f199418beb0>]}
[0m03:40:57.790131 [debug] [MainThread]: Sending event: {'category': 'dbt', 'action': 'resource_counts', 'label': '003831f2-25b5-4400-a9b9-b7ab6adf6433', 'context': [<snowplow_tracker.self_describing_json.SelfDescribingJson object at 0x7f199418b670>]}
[0m03:40:57.790563 [info ] [MainThread]: Found 3 models, 7 data tests, 421 macros
[0m03:40:57.790795 [debug] [MainThread]: Sending event: {'category': 'dbt', 'action': 'runnable_timing', 'label': '003831f2-25b5-4400-a9b9-b7ab6adf6433', 'context': [<snowplow_tracker.self_describing_json.SelfDescribingJson object at 0x7f199418b8e0>]}
[0m03:40:57.792288 [info ] [MainThread]: 
[0m03:40:57.792851 [debug] [MainThread]: Acquiring new duckdb connection 'master'
[0m03:40:57.798099 [debug] [ThreadPool]: Acquiring new duckdb connection 'list_lakehouse'
[0m03:40:57.835978 [debug] [ThreadPool]: Using duckdb connection "list_lakehouse"
[0m03:40:57.836390 [debug] [ThreadPool]: On list_lakehouse: /* {"app": "dbt", "dbt_version": "1.8.0", "profile_name": "lakehouse", "target_name": "dev", "connection_name": "list_lakehouse"} */

    
    select schema_name
    from system.information_schema.schemata
    
    where catalog_name = '"lakehouse"'
    
  
  
[0m03:40:57.836788 [debug] [ThreadPool]: Opening a new connection, currently in state init
[0m03:40:58.296070 [debug] [ThreadPool]: SQL status: OK in 0.459 seconds
[0m03:40:58.297759 [debug] [ThreadPool]: On list_lakehouse: Close
[0m03:40:58.300396 [debug] [ThreadPool]: Re-using an available connection from the pool (formerly list_lakehouse, now create_lakehouse_main)
[0m03:40:58.300862 [debug] [ThreadPool]: Creating schema "database: "lakehouse"
schema: "main"
"
[0m03:40:58.307611 [debug] [ThreadPool]: Using duckdb connection "create_lakehouse_main"
[0m03:40:58.307976 [debug] [ThreadPool]: On create_lakehouse_main: /* {"app": "dbt", "dbt_version": "1.8.0", "profile_name": "lakehouse", "target_name": "dev", "connection_name": "create_lakehouse_main"} */

    
        select type from duckdb_databases()
        where database_name='lakehouse'
        and type='sqlite'
    
  
[0m03:40:58.308207 [debug] [ThreadPool]: Opening a new connection, currently in state closed
[0m03:40:58.390225 [debug] [ThreadPool]: SQL status: OK in 0.082 seconds
[0m03:40:58.391542 [debug] [ThreadPool]: Using duckdb connection "create_lakehouse_main"
[0m03:40:58.392042 [debug] [ThreadPool]: On create_lakehouse_main: BEGIN
[0m03:40:58.392685 [debug] [ThreadPool]: SQL status: OK in 0.000 seconds
[0m03:40:58.393084 [debug] [ThreadPool]: Using duckdb connection "create_lakehouse_main"
[0m03:40:58.393432 [debug] [ThreadPool]: On create_lakehouse_main: /* {"app": "dbt", "dbt_version": "1.8.0", "profile_name": "lakehouse", "target_name": "dev", "connection_name": "create_lakehouse_main"} */

    
    
        create schema if not exists "lakehouse"."main"
    
[0m03:40:58.393922 [debug] [ThreadPool]: SQL status: OK in 0.000 seconds
[0m03:40:58.394666 [debug] [ThreadPool]: On create_lakehouse_main: COMMIT
[0m03:40:58.394936 [debug] [ThreadPool]: Using duckdb connection "create_lakehouse_main"
[0m03:40:58.395189 [debug] [ThreadPool]: On create_lakehouse_main: COMMIT
[0m03:40:58.395624 [debug] [ThreadPool]: SQL status: OK in 0.000 seconds
[0m03:40:58.395901 [debug] [ThreadPool]: On create_lakehouse_main: Close
[0m03:40:58.398529 [debug] [ThreadPool]: Re-using an available connection from the pool (formerly create_lakehouse_main, now list_lakehouse_main)
[0m03:40:58.405962 [debug] [ThreadPool]: Using duckdb connection "list_lakehouse_main"
[0m03:40:58.406255 [debug] [ThreadPool]: On list_lakehouse_main: BEGIN
[0m03:40:58.406473 [debug] [ThreadPool]: Opening a new connection, currently in state closed
[0m03:40:58.484699 [debug] [ThreadPool]: SQL status: OK in 0.078 seconds
[0m03:40:58.485285 [debug] [ThreadPool]: Using duckdb connection "list_lakehouse_main"
[0m03:40:58.485635 [debug] [ThreadPool]: On list_lakehouse_main: /* {"app": "dbt", "dbt_version": "1.8.0", "profile_name": "lakehouse", "target_name": "dev", "connection_name": "list_lakehouse_main"} */
select
      'lakehouse' as database,
      table_name as name,
      table_schema as schema,
      CASE table_type
        WHEN 'BASE TABLE' THEN 'table'
        WHEN 'VIEW' THEN 'view'
        WHEN 'LOCAL TEMPORARY' THEN 'table'
        END as type
    from system.information_schema.tables
    where table_schema = 'main'
    and table_catalog = 'lakehouse'
  
[0m03:40:58.508125 [debug] [ThreadPool]: SQL status: OK in 0.022 seconds
[0m03:40:58.512818 [debug] [ThreadPool]: On list_lakehouse_main: ROLLBACK
[0m03:40:58.513711 [debug] [ThreadPool]: Failed to rollback 'list_lakehouse_main'
[0m03:40:58.514014 [debug] [ThreadPool]: On list_lakehouse_main: Close
[0m03:40:58.517046 [debug] [MainThread]: Sending event: {'category': 'dbt', 'action': 'runnable_timing', 'label': '003831f2-25b5-4400-a9b9-b7ab6adf6433', 'context': [<snowplow_tracker.self_describing_json.SelfDescribingJson object at 0x7f199d5b9420>]}
[0m03:40:58.517555 [debug] [MainThread]: Using duckdb connection "master"
[0m03:40:58.517784 [debug] [MainThread]: On master: BEGIN
[0m03:40:58.518016 [debug] [MainThread]: Opening a new connection, currently in state init
[0m03:40:58.596457 [debug] [MainThread]: SQL status: OK in 0.078 seconds
[0m03:40:58.596912 [debug] [MainThread]: On master: COMMIT
[0m03:40:58.597177 [debug] [MainThread]: Using duckdb connection "master"
[0m03:40:58.597404 [debug] [MainThread]: On master: COMMIT
[0m03:40:58.597870 [debug] [MainThread]: SQL status: OK in 0.000 seconds
[0m03:40:58.598125 [debug] [MainThread]: On master: Close
[0m03:40:58.599727 [info ] [MainThread]: Concurrency: 1 threads (target='dev')
[0m03:40:58.600071 [info ] [MainThread]: 
[0m03:40:58.602110 [debug] [Thread-1 (]: Began running node model.lakehouse.sales_silver
[0m03:40:58.602847 [info ] [Thread-1 (]: 1 of 3 START python table model main.sales_silver .............................. [RUN]
[0m03:40:58.603470 [debug] [Thread-1 (]: Acquiring new duckdb connection 'model.lakehouse.sales_silver'
[0m03:40:58.603834 [debug] [Thread-1 (]: Began compiling node model.lakehouse.sales_silver
[0m03:40:58.627832 [debug] [Thread-1 (]: Writing injected SQL for node "model.lakehouse.sales_silver"
[0m03:40:58.628922 [debug] [Thread-1 (]: Began executing node model.lakehouse.sales_silver
[0m03:40:58.667199 [debug] [Thread-1 (]: Writing runtime python for node "model.lakehouse.sales_silver"
[0m03:40:58.667938 [debug] [Thread-1 (]: Opening a new connection, currently in state init
[0m03:40:58.988602 [debug] [Thread-1 (]: Using duckdb connection "model.lakehouse.sales_silver"
[0m03:40:58.989033 [debug] [Thread-1 (]: On model.lakehouse.sales_silver: BEGIN
[0m03:40:58.989608 [debug] [Thread-1 (]: SQL status: OK in 0.000 seconds
[0m03:40:58.989903 [debug] [Thread-1 (]: Using duckdb connection "model.lakehouse.sales_silver"
[0m03:40:58.990154 [debug] [Thread-1 (]: On model.lakehouse.sales_silver: /* {"app": "dbt", "dbt_version": "1.8.0", "profile_name": "lakehouse", "target_name": "dev", "node_id": "model.lakehouse.sales_silver"} */
alter table "lakehouse"."main"."sales_silver" rename to "sales_silver__dbt_backup"
[0m03:40:58.990961 [debug] [Thread-1 (]: SQL status: OK in 0.001 seconds
[0m03:40:58.994251 [debug] [Thread-1 (]: Using duckdb connection "model.lakehouse.sales_silver"
[0m03:40:58.994605 [debug] [Thread-1 (]: On model.lakehouse.sales_silver: /* {"app": "dbt", "dbt_version": "1.8.0", "profile_name": "lakehouse", "target_name": "dev", "node_id": "model.lakehouse.sales_silver"} */
alter table "lakehouse"."main"."sales_silver__dbt_tmp" rename to "sales_silver"
[0m03:40:58.995249 [debug] [Thread-1 (]: SQL status: OK in 0.000 seconds
[0m03:40:59.013096 [debug] [Thread-1 (]: On model.lakehouse.sales_silver: COMMIT
[0m03:40:59.013721 [debug] [Thread-1 (]: Using duckdb connection "model.lakehouse.sales_silver"
[0m03:40:59.014095 [debug] [Thread-1 (]: On model.lakehouse.sales_silver: COMMIT
[0m03:40:59.015494 [debug] [Thread-1 (]: SQL status: OK in 0.001 seconds
[0m03:40:59.020932 [debug] [Thread-1 (]: Using duckdb connection "model.lakehouse.sales_silver"
[0m03:40:59.021455 [debug] [Thread-1 (]: On model.lakehouse.sales_silver: /* {"app": "dbt", "dbt_version": "1.8.0", "profile_name": "lakehouse", "target_name": "dev", "node_id": "model.lakehouse.sales_silver"} */
drop table if exists "lakehouse"."main"."sales_silver__dbt_backup" cascade
[0m03:40:59.022756 [debug] [Thread-1 (]: SQL status: OK in 0.001 seconds
[0m03:40:59.025286 [debug] [Thread-1 (]: On model.lakehouse.sales_silver: Close
[0m03:40:59.034550 [debug] [Thread-1 (]: Sending event: {'category': 'dbt', 'action': 'run_model', 'label': '003831f2-25b5-4400-a9b9-b7ab6adf6433', 'context': [<snowplow_tracker.self_describing_json.SelfDescribingJson object at 0x7f195dce3250>]}
[0m03:40:59.035458 [info ] [Thread-1 (]: 1 of 3 OK created python table model main.sales_silver ......................... [[32mOK[0m in 0.43s]
[0m03:40:59.036012 [debug] [Thread-1 (]: Finished running node model.lakehouse.sales_silver
[0m03:40:59.036769 [debug] [Thread-1 (]: Began running node model.lakehouse.sales_gold
[0m03:40:59.037162 [info ] [Thread-1 (]: 2 of 3 START python table model main.sales_gold ................................ [RUN]
[0m03:40:59.037676 [debug] [Thread-1 (]: Re-using an available connection from the pool (formerly model.lakehouse.sales_silver, now model.lakehouse.sales_gold)
[0m03:40:59.038036 [debug] [Thread-1 (]: Began compiling node model.lakehouse.sales_gold
[0m03:40:59.041705 [debug] [Thread-1 (]: Writing injected SQL for node "model.lakehouse.sales_gold"
[0m03:40:59.042419 [debug] [Thread-1 (]: Began executing node model.lakehouse.sales_gold
[0m03:40:59.045442 [debug] [Thread-1 (]: Writing runtime python for node "model.lakehouse.sales_gold"
[0m03:40:59.045988 [debug] [Thread-1 (]: Opening a new connection, currently in state closed
[0m03:40:59.242398 [debug] [Thread-1 (]: Using duckdb connection "model.lakehouse.sales_gold"
[0m03:40:59.243027 [debug] [Thread-1 (]: On model.lakehouse.sales_gold: BEGIN
[0m03:40:59.243756 [debug] [Thread-1 (]: SQL status: OK in 0.000 seconds
[0m03:40:59.244106 [debug] [Thread-1 (]: Using duckdb connection "model.lakehouse.sales_gold"
[0m03:40:59.244379 [debug] [Thread-1 (]: On model.lakehouse.sales_gold: /* {"app": "dbt", "dbt_version": "1.8.0", "profile_name": "lakehouse", "target_name": "dev", "node_id": "model.lakehouse.sales_gold"} */
alter table "lakehouse"."main"."sales_gold" rename to "sales_gold__dbt_backup"
[0m03:40:59.245089 [debug] [Thread-1 (]: SQL status: OK in 0.000 seconds
[0m03:40:59.377460 [debug] [Thread-1 (]: Using duckdb connection "model.lakehouse.sales_gold"
[0m03:40:59.377874 [debug] [Thread-1 (]: On model.lakehouse.sales_gold: /* {"app": "dbt", "dbt_version": "1.8.0", "profile_name": "lakehouse", "target_name": "dev", "node_id": "model.lakehouse.sales_gold"} */
alter table "lakehouse"."main"."sales_gold__dbt_tmp" rename to "sales_gold"
[0m03:40:59.378715 [debug] [Thread-1 (]: SQL status: OK in 0.000 seconds
[0m03:40:59.383130 [debug] [Thread-1 (]: On model.lakehouse.sales_gold: COMMIT
[0m03:40:59.383560 [debug] [Thread-1 (]: Using duckdb connection "model.lakehouse.sales_gold"
[0m03:40:59.383941 [debug] [Thread-1 (]: On model.lakehouse.sales_gold: COMMIT
[0m03:40:59.386271 [debug] [Thread-1 (]: SQL status: OK in 0.002 seconds
[0m03:40:59.390212 [debug] [Thread-1 (]: Using duckdb connection "model.lakehouse.sales_gold"
[0m03:40:59.390589 [debug] [Thread-1 (]: On model.lakehouse.sales_gold: /* {"app": "dbt", "dbt_version": "1.8.0", "profile_name": "lakehouse", "target_name": "dev", "node_id": "model.lakehouse.sales_gold"} */
drop table if exists "lakehouse"."main"."sales_gold__dbt_backup" cascade
[0m03:40:59.391694 [debug] [Thread-1 (]: SQL status: OK in 0.001 seconds
[0m03:40:59.392772 [debug] [Thread-1 (]: On model.lakehouse.sales_gold: Close
[0m03:40:59.399299 [debug] [Thread-1 (]: Sending event: {'category': 'dbt', 'action': 'run_model', 'label': '003831f2-25b5-4400-a9b9-b7ab6adf6433', 'context': [<snowplow_tracker.self_describing_json.SelfDescribingJson object at 0x7f1993fabcd0>]}
[0m03:40:59.399947 [info ] [Thread-1 (]: 2 of 3 OK created python table model main.sales_gold ........................... [[32mOK[0m in 0.36s]
[0m03:40:59.400515 [debug] [Thread-1 (]: Finished running node model.lakehouse.sales_gold
[0m03:40:59.401195 [debug] [Thread-1 (]: Began running node model.lakehouse.sales_summary_view
[0m03:40:59.401834 [info ] [Thread-1 (]: 3 of 3 START sql table model main.sales_summary_view ........................... [RUN]
[0m03:40:59.402282 [debug] [Thread-1 (]: Re-using an available connection from the pool (formerly model.lakehouse.sales_gold, now model.lakehouse.sales_summary_view)
[0m03:40:59.402570 [debug] [Thread-1 (]: Began compiling node model.lakehouse.sales_summary_view
[0m03:40:59.405929 [debug] [Thread-1 (]: Writing injected SQL for node "model.lakehouse.sales_summary_view"
[0m03:40:59.406451 [debug] [Thread-1 (]: Began executing node model.lakehouse.sales_summary_view
[0m03:40:59.409366 [debug] [Thread-1 (]: Writing runtime sql for node "model.lakehouse.sales_summary_view"
[0m03:40:59.410141 [debug] [Thread-1 (]: Using duckdb connection "model.lakehouse.sales_summary_view"
[0m03:40:59.410527 [debug] [Thread-1 (]: On model.lakehouse.sales_summary_view: BEGIN
[0m03:40:59.410848 [debug] [Thread-1 (]: Opening a new connection, currently in state closed
[0m03:40:59.491577 [debug] [Thread-1 (]: SQL status: OK in 0.081 seconds
[0m03:40:59.492020 [debug] [Thread-1 (]: Using duckdb connection "model.lakehouse.sales_summary_view"
[0m03:40:59.492316 [debug] [Thread-1 (]: On model.lakehouse.sales_summary_view: /* {"app": "dbt", "dbt_version": "1.8.0", "profile_name": "lakehouse", "target_name": "dev", "node_id": "model.lakehouse.sales_summary_view"} */

  
    
    

    create  table
      "lakehouse"."main"."sales_summary_view__dbt_tmp"
  
    as (
      

SELECT
    date,
    total_sales,
    total_transactions,
    (total_sales / total_transactions) as ticket_promedio,
    _processed_at
FROM "lakehouse"."main"."sales_gold"
ORDER BY date DESC
    );
  
  
[0m03:40:59.495684 [debug] [Thread-1 (]: SQL status: OK in 0.003 seconds
[0m03:40:59.499102 [debug] [Thread-1 (]: Using duckdb connection "model.lakehouse.sales_summary_view"
[0m03:40:59.499484 [debug] [Thread-1 (]: On model.lakehouse.sales_summary_view: /* {"app": "dbt", "dbt_version": "1.8.0", "profile_name": "lakehouse", "target_name": "dev", "node_id": "model.lakehouse.sales_summary_view"} */
alter table "lakehouse"."main"."sales_summary_view" rename to "sales_summary_view__dbt_backup"
[0m03:40:59.500339 [debug] [Thread-1 (]: SQL status: OK in 0.001 seconds
[0m03:40:59.503381 [debug] [Thread-1 (]: Using duckdb connection "model.lakehouse.sales_summary_view"
[0m03:40:59.503724 [debug] [Thread-1 (]: On model.lakehouse.sales_summary_view: /* {"app": "dbt", "dbt_version": "1.8.0", "profile_name": "lakehouse", "target_name": "dev", "node_id": "model.lakehouse.sales_summary_view"} */
alter table "lakehouse"."main"."sales_summary_view__dbt_tmp" rename to "sales_summary_view"
[0m03:40:59.504495 [debug] [Thread-1 (]: SQL status: OK in 0.000 seconds
[0m03:40:59.505878 [debug] [Thread-1 (]: On model.lakehouse.sales_summary_view: COMMIT
[0m03:40:59.506206 [debug] [Thread-1 (]: Using duckdb connection "model.lakehouse.sales_summary_view"
[0m03:40:59.506481 [debug] [Thread-1 (]: On model.lakehouse.sales_summary_view: COMMIT
[0m03:40:59.508295 [debug] [Thread-1 (]: SQL status: OK in 0.001 seconds
[0m03:40:59.510760 [debug] [Thread-1 (]: Using duckdb connection "model.lakehouse.sales_summary_view"
[0m03:40:59.511108 [debug] [Thread-1 (]: On model.lakehouse.sales_summary_view: /* {"app": "dbt", "dbt_version": "1.8.0", "profile_name": "lakehouse", "target_name": "dev", "node_id": "model.lakehouse.sales_summary_view"} */
drop table if exists "lakehouse"."main"."sales_summary_view__dbt_backup" cascade
[0m03:40:59.512293 [debug] [Thread-1 (]: SQL status: OK in 0.001 seconds
[0m03:40:59.513447 [debug] [Thread-1 (]: On model.lakehouse.sales_summary_view: Close
[0m03:40:59.519493 [debug] [Thread-1 (]: Sending event: {'category': 'dbt', 'action': 'run_model', 'label': '003831f2-25b5-4400-a9b9-b7ab6adf6433', 'context': [<snowplow_tracker.self_describing_json.SelfDescribingJson object at 0x7f1993f9d090>]}
[0m03:40:59.520149 [info ] [Thread-1 (]: 3 of 3 OK created sql table model main.sales_summary_view ...................... [[32mOK[0m in 0.12s]
[0m03:40:59.520627 [debug] [Thread-1 (]: Finished running node model.lakehouse.sales_summary_view
[0m03:40:59.522178 [debug] [MainThread]: Using duckdb connection "master"
[0m03:40:59.522601 [debug] [MainThread]: On master: BEGIN
[0m03:40:59.522845 [debug] [MainThread]: Opening a new connection, currently in state closed
[0m03:40:59.602936 [debug] [MainThread]: SQL status: OK in 0.080 seconds
[0m03:40:59.603323 [debug] [MainThread]: On master: COMMIT
[0m03:40:59.603574 [debug] [MainThread]: Using duckdb connection "master"
[0m03:40:59.603867 [debug] [MainThread]: On master: COMMIT
[0m03:40:59.604217 [debug] [MainThread]: SQL status: OK in 0.000 seconds
[0m03:40:59.604469 [debug] [MainThread]: On master: Close
[0m03:40:59.606400 [debug] [MainThread]: Connection 'master' was properly closed.
[0m03:40:59.606689 [debug] [MainThread]: Connection 'list_lakehouse_main' was properly closed.
[0m03:40:59.606912 [debug] [MainThread]: Connection 'model.lakehouse.sales_summary_view' was properly closed.
[0m03:40:59.607267 [info ] [MainThread]: 
[0m03:40:59.607605 [info ] [MainThread]: Finished running 3 table models in 0 hours 0 minutes and 1.81 seconds (1.81s).
[0m03:40:59.608489 [debug] [MainThread]: Command end result
[0m03:40:59.636717 [info ] [MainThread]: 
[0m03:40:59.637282 [info ] [MainThread]: [32mCompleted successfully[0m
[0m03:40:59.637594 [info ] [MainThread]: 
[0m03:40:59.637991 [info ] [MainThread]: Done. PASS=3 WARN=0 ERROR=0 SKIP=0 TOTAL=3
[0m03:40:59.639252 [debug] [MainThread]: Resource report: {"command_name": "run", "command_success": true, "command_wall_clock_time": 2.4351304, "process_user_time": 8.187358, "process_kernel_time": 0.71266, "process_mem_max_rss": "340744", "process_in_blocks": "263688", "process_out_blocks": "5096"}
[0m03:40:59.639995 [debug] [MainThread]: Command `dbt run` succeeded at 03:40:59.639789 after 2.44 seconds
[0m03:40:59.640408 [debug] [MainThread]: Sending event: {'category': 'dbt', 'action': 'invocation', 'label': 'end', 'context': [<snowplow_tracker.self_describing_json.SelfDescribingJson object at 0x7f199f6bfd90>, <snowplow_tracker.self_describing_json.SelfDescribingJson object at 0x7f199dd376d0>, <snowplow_tracker.self_describing_json.SelfDescribingJson object at 0x7f199d7bb1c0>]}
[0m03:40:59.640755 [debug] [MainThread]: Flushing usage events
